"year","ME_K_net_cc","NRC_K_net_cc","RC_K_net_cc","IP_K_net_cc","NR_K_net_cc","TOTAL_PRODUCTIVE_K_net_cc","TOTAL_WITH_RC_K_net_cc","TOTAL_ALL_K_net_cc","ME_K_gross_cc","NRC_K_gross_cc","RC_K_gross_cc","IP_K_gross_cc","NR_K_gross_cc","TOTAL_PRODUCTIVE_K_gross_cc","TOTAL_WITH_RC_K_gross_cc","TOTAL_ALL_K_gross_cc","ME_IG_cc","NRC_IG_cc","RC_IG_cc","IP_IG_cc","NR_IG_cc","TOTAL_PRODUCTIVE_IG_cc","TOTAL_WITH_RC_IG_cc","TOTAL_ALL_IG_cc","ME_D_cc","NRC_D_cc","RC_D_cc","IP_D_cc","NR_D_cc","TOTAL_PRODUCTIVE_D_cc","TOTAL_WITH_RC_D_cc","TOTAL_ALL_D_cc","ME_Ret_cc","NRC_Ret_cc","RC_Ret_cc","IP_Ret_cc","NR_Ret_cc","TOTAL_PRODUCTIVE_Ret_cc","TOTAL_WITH_RC_Ret_cc","TOTAL_ALL_Ret_cc"
1925,2684,93999,99527,17362,96683,96683,196210,213572,4819.36,87810.0613157895,119689.5644,24588.84,92629.4213157895,92629.4213157895,212318.985715789,236907.825715789,686,4522,8498,1671,5208,5208,13706,15377,402,2310,4663,1182,2712,2712,7375,8557,295.24,2251.02868421053,2269.2156,5729.46,2546.26868421053,2546.26868421053,4815.48428421053,10544.9442842105
1926,2909,96690,103527,17787,99599,99599,203126,220913,5235.91944140113,90592.3967515324,126343.131365663,21334.547693475,95828.3161929336,95828.3161929336,222171.447558597,243505.995252072,621,5284,8659,1666,5905,5905,14564,16230,467,2374,4989,1254,2841,2841,7830,9084,329.637102957224,2305.63234463601,2401.71696664619,4917.13692336875,2635.26944759324,2635.26944759324,5036.98641423942,9954.12333760817
1927,3064,98545,105764,18109,101609,101609,207373,225482,5553.47827010262,92610.2513491099,131081.701662184,18666.8099592461,98163.7296192125,98163.7296192125,229245.431281396,247912.241240642,638,5276,8220,1679,5914,5914,14134,15813,500,2445,5166,1285,2945,2945,8111,9396,351.105590721616,2360.38517159756,2507.38166657518,4246.95248981153,2711.49076231918,2711.49076231918,5218.87242889436,9465.82491870589
1928,3182,101325,108504,18860,104507,104507,213011,231871,5827.82303349342,95401.1533234459,136428.530852305,16955.9789547382,101228.976356939,101228.976356939,237657.507209244,254613.486163983,646,5157,8138,1919,5803,5803,13941,15860,528,2492,5284,1317,3020,3020,8304,9621,370.130216678102,2439.03117090394,2618.17409902663,3759.24473868456,2809.16138758205,2809.16138758205,5427.33548660868,9186.58022529324
1929,3318,100283,108131,18712,103601,103601,211732,230444,6125.59142418228,94752.5819061068,137935.056299612,15093.463055903,100878.173330289,100878.173330289,238813.229629901,253906.692685804,692,5488,8642,2291,6180,6180,14822,17113,552,2558,5423,1361,3110,3110,8533,9894,388.113673155877,2412.55626773262,2638.6338020329,3200.61576397576,2800.66994088849,2800.66994088849,5439.3037429214,8639.91950689716
1930,3315,95051,103608,17292,98366,98366,201974,219266,6231.41341051602,90134.8902283541,134363.719160976,12611.9793510948,96366.3036388702,96366.3036388702,230730.022799846,243342.002150941,615,4539,7314,1687,5154,5154,12468,14155,559,2486,5306,1314,3045,3045,8351,9665,401.17238646543,2313.40243860417,2592.85141144849,2731.24483777371,2714.5748250696,2714.5748250696,5307.42623651809,8038.6710742918
1931,3023,84045,92855,15320,87068,87068,179923,195243,5947.62403576407,79959.4424907272,122965.755975001,10096.7450101953,85907.0665264913,85907.0665264913,208872.822501493,218969.567511688,374,2704,4832,1093,3078,3078,7910,9003,533,2315,4959,1216,2848,2848,7807,9023,398.116002554577,2087.98493218182,2410.89297908166,2250.93625254883,2486.10093473639,2486.10093473639,4896.99391381805,7147.93016636688
1932,2880,78572,86520,14024,81452,81452,167972,181996,5988.00325683955,74751.4349875173,117039.289028529,8283.12131763086,80739.4382443569,80739.4382443569,197778.727272886,206061.848590517,238,1438,2965,677,1676,1676,4641,5318,480,2028,4403,1089,2508,2508,6911,8000,410.714518345682,1981.44418885182,2328.04671486794,1901.53032940772,2392.1587071975,2392.1587071975,4720.20542206544,6621.73575147316
1933,2650,80518,86161,15603,83168,83168,169329,184932,5817.5610643332,76561.0904334882,118940.712892199,8330.14484765157,82378.6514978214,82378.6514978214,201319.364390021,209649.509237672,213,1127,2365,859,1340,1340,3705,4564,454,1999,4094,1046,2453,2453,6547,7593,400.325790309514,2038.75920090509,2379.09618147345,1867.78621191289,2439.0849912146,2439.0849912146,4818.18117268805,6685.96738460095
1934,2385,81600,86811,16296,83985,83985,170796,187092,5441.47150891355,77532.7679891194,121952.502943037,8087.34701955723,82974.2394980329,82974.2394980329,204926.74244107,213014.089460627,286,1279,2856,1098,1565,1565,4421,5519,423,2047,4081,1169,2470,2470,6551,7720,368.247964922396,2060.91264835458,2430.54087638851,1747.33675488931,2429.16061327697,2429.16061327697,4859.70148966548,6607.03824455479
1935,2390,81628,86335,16500,84018,84018,170353,186853,5446.29796112115,77563.6209297246,123207.1447029,7788.80923414402,83009.9188908457,83009.9188908457,206217.063593745,214005.872827889,448,1489,3415,1257,1937,1937,5352,6609,405,2086,4107,1208,2491,2491,6598,7806,357.021282937225,2056.0708359385,2444.73764699795,1632.95230853601,2413.09211887573,2413.09211887573,4857.82976587367,6490.78207440968
1936,2603,90383,95070,18522,92986,92986,188056,206578,5779.05123969036,85707.9376725467,136963.929061794,8466.35904326147,91486.9889122371,91486.9889122371,228450.917974031,236917.277017293,583,1942,4392,1609,2525,2525,6917,8526,425,2113,4141,1268,2538,2538,6679,7947,371.14651712074,2263.94426142018,2705.54957268967,1714.33976081537,2635.09077854092,2635.09077854092,5340.64035123059,7054.98011204596
1937,2909,93105,98496,19865,96014,96014,194510,214375,6247.28298804501,88351.529570243,143281.984579269,9160.59216696415,94598.812558288,94598.812558288,237880.797137557,247041.389304521,713,2716,5480,2160,3429,3429,8909,11069,475,2380,4600,1448,2855,2855,7455,8903,395.305927717501,2314.47377216873,2812.28539957691,1750.14804174104,2709.77969988623,2709.77969988623,5522.06509946314,7272.21314120418
1938,2963,91575,97834,19406,94538,94538,192372,211778,6360.65691466709,86943.5100260656,144165.479438923,8692.73243860362,93304.1669407327,93304.1669407327,237469.646379656,246162.378818259,590,2186,4540,1554,2776,2776,7316,8870,507,2351,4668,1499,2858,2858,7526,9025,412.189779619078,2290.74351421799,2849.49958038619,1784.6831096509,2702.93329383707,2702.93329383707,5552.43287422325,7337.11598387416
1939,3020,91022,97988,20084,94042,94042,192030,212114,6498.17299763872,86468.3013545678,146074.146764865,8870.37568121135,92966.4743522065,92966.4743522065,239040.621117072,247910.996798283,561,2276,4837,1759,2837,2837,7674,9433,504,2327,4649,1520,2831,2831,7480,9000,424.083785545623,2275.46760417751,2882.39075030337,1777.84392030284,2699.55138972313,2699.55138972313,5581.9421400265,7359.78606032934
1940,3157,96467,103663,22219,99624,99624,203287,225506,6752.69518571675,91599.5184153916,155791.949372137,9928.53991710958,98352.2136011083,98352.2136011083,254144.162973245,264072.702890355,637,2586,5707,2329,3223,3223,8930,11259,524,2377,4813,1646,2901,2901,7714,9360,436.83537040834,2405.77076798356,3062.95815045177,1899.88497927739,2842.6061383919,2842.6061383919,5905.56428884367,7805.44926812106
1941,3722,108184,115403,26305,111906,111906,227309,253614,7692.52155625784,102557.426271067,174580.991181953,12117.4552951036,110249.947827325,110249.947827325,284830.939009278,296948.394304381,873,3106,6470,3240,3979,3979,10449,13689,579,2563,5265,1893,3142,3142,8407,10300,487.108682589846,2687.87638570451,3430.83655473373,2219.3638237759,3174.98506829436,3174.98506829436,6605.82162302809,8825.18544680399
1942,3833,115951,121338,28695,119784,119784,241122,269817,8064.32237066431,109889.051129243,186370.687070548,13067.6744175606,117953.373499907,117953.373499907,304324.060570455,317391.734988015,648,2191,4604,2669,2839,2839,7443,10112,675,2871,5927,2239,3546,3546,9473,11712,529.737312190308,2910.75813862817,3709.52422592954,2599.66860439014,3440.49545081848,3440.49545081848,7150.01967674803,9749.68828113817
1943,3782,117605,123126,28738,121387,121387,244513,273251,8222.2309856219,111525.707348585,192093.687089759,12684.5178660691,119747.938334207,119747.938334207,311841.625423966,324526.143290035,479,1726,4336,2147,2205,2205,6541,8688,645,3085,5956,2342,3730,3730,9686,12028,553.087927544421,2967.55965806987,3831.78953244405,2634.37946651728,3520.6475856143,3520.6475856143,7352.43711805835,9986.81658457563
1944,3942,118953,124151,29092,122895,122895,247046,276138,8488.57323410124,112911.595920132,196305.814442873,12918.3807622744,121400.169154233,121400.169154233,317705.983597106,330624.36435938,824,2317,5305,2774,3141,3141,8446,11220,674,3108,6123,2424,3782,3782,9905,12329,547.469516721517,2989.04313297653,3897.97580495658,2536.09519056859,3536.51264969805,3536.51264969805,7434.48845465463,9970.58364522322
1945,4312,127947,133772,33256,132259,132259,266031,299287,9106.90018180034,121496.082192905,212592.820289315,15086.3354556506,130602.982374705,130602.982374705,343195.802664021,358282.138119671,906,3289,7712,3719,4195,4195,11907,15626,696,3234,6272,2536,3930,3930,10202,12738,585.77858441431,3194.78600521365,4181.24123039418,2841.83386391265,3780.56458962796,3780.56458962796,7961.80582002214,10803.6396839348
1946,4848,158579,164052,40847,163427,163427,327479,368326,10089.4045927531,150097.835003203,259697.428150724,19523.0183745419,160187.239595956,160187.239595956,419884.66774668,439407.686121222,981,6617,11322,5804,7598,7598,18920,24724,754,3659,7182,2961,4413,4413,11595,14556,650.600328053795,3877.86040549197,5068.88628879028,3429.75459363548,4528.46073354577,4528.46073354577,9597.34702233605,13027.1016159715
1947,6161,189599,196010,49855,195760,195760,391770,441625,12019.3968019208,179225.200105312,309228.294950626,24863.3092028034,191244.596907232,191244.596907232,500472.891857858,525336.201060662,1839,7493,15135,7278,9332,9332,24467,31745,923,4519,8971,3624,5442,5442,14413,18037,727.1712001372,4641.41081365707,6001.9039785842,4396.32730070084,5368.58201379427,5368.58201379427,11370.4859923785,15766.8132930793
1948,8285,199905,213609,55397,208190,208190,421799,477196,15196.4289569386,189429.834197548,336319.545538229,28077.0941387059,204626.263154487,204626.263154487,540945.808692716,569022.902831422,2434,9343,18351,7123,11777,11777,30128,37251,1201,5162,10504,4318,6363,6363,16867,21185,911.602068352756,4867.21173506887,6489.1539905761,5238.52353467647,5778.81380342163,5778.81380342163,12267.9677939977,17506.4913286742
1949,9472,200385,218274,54814,209857,209857,428131,482945,16915.6664248628,190453.719543467,344716.782355063,27482.2839000745,207369.38596833,207369.38596833,552086.168323393,579568.452223468,2585,9096,17909,5647,11681,11681,29590,35237,1470,5238,11404,4667,6708,6708,18112,22779,1023.61903034735,4901.55998766128,6669.54657867475,5458.82097501863,5925.17901800863,5925.17901800863,12594.7255966834,18053.546571702
1950,11326,224221,245771,62703,235547,235547,481318,544021,19801.347204549,212956.935283458,387459.938727479,30748.0134743583,232758.282488007,232758.282488007,620218.221215486,650966.234689844,2715,9913,20486,6098,12628,12628,33114,39212,1683,5427,12312,4941,7110,7110,19422,24363,1220.4533717535,5487.67392657993,7489.26405566284,6162.50336858957,6708.12729833343,6708.12729833343,14197.3913539963,20359.8947225858
1951,12483,243567,267300,69069,256050,256050,523350,592419,21789.8440887169,231750.249604688,422504.936977815,34604.0271182392,253540.093693405,253540.093693405,676045.030671221,710649.05778946,2698,11947,22062,8718,14645,14645,36707,45425,1926,6195,14059,5681,8121,8121,22180,27861,1363.70314919407,5940.62836769428,8172.30483628194,6471.50677955981,7304.33151688834,7304.33151688834,15476.6363531703,21948.1431327301
1952,13286,256794,281726,73256,270080,270080,551806,625062,23459.1404975585,244731.257028556,447024.145168579,37480.9887069963,268190.397526114,268190.397526114,715214.542694693,752695.53140169,2499,12233,22162,9510,14732,14732,36894,46404,2083,6549,14885,6073,8632,8632,23517,29590,1497.15289268275,6283.73667644744,8670.65602384856,6992.74717674908,7780.88956913019,7780.88956913019,16451.5455929787,23444.2927697278
1953,13907,263117,294590,77379,277024,277024,571614,648993,24832.2261241907,251514.673406865,468403.967182359,40260.8148023246,276346.899531056,276346.899531056,744750.866713415,785011.681515739,2557,13567,25543,10009,16124,16124,41667,51676,2169,6872,15808,6550,9041,9041,24849,31399,1591.08758029934,6431.01820018554,9037.97892208895,7562.95370058115,8022.10578048488,8022.10578048488,17060.0847025738,24623.038403155
1954,13824,269081,303033,80201,282905,282905,585938,666139,25208.9640729449,257919.727796006,483999.76735587,42132.165858704,283128.691868951,283128.691868951,767128.459224821,809260.625083525,2336,13840,25294,10021,16176,16176,41470,51491,2236,7017,16631,6972,9253,9253,25884,32856,1633.78314806749,6596.74939989206,9361.34219093611,8027.791464676,8230.53254795955,8230.53254795955,17591.8747388957,25619.6662035717
1955,14620,296271,334315,88789,310891,310891,645206,733995,26948.1965849512,284054.891610832,533609.003765181,46517.3444964817,311003.088195783,311003.088195783,844612.091960963,891129.436457445,2520,15024,29280,10549,17544,17544,46824,57373,2262,7393,17651,7482,9655,9655,27306,34788,1744.87118463937,7271.10517867112,10292.428648269,8992.08612412042,9015.97636331049,9015.97636331049,19308.4050115795,28300.4911356999
1956,14812,324881,368891,101312,339693,339693,708584,809896,27973.3911898574,312008.48643828,589067.780082234,54241.8528334241,339981.877628137,339981.877628137,929049.657710371,983291.510543795,2149,18192,32372,14256,20341,20341,52713,66969,2349,8297,19745,8527,10646,10646,30391,38918,1844.5993707041,7940.98611995351,11361.1383690252,9996.46320835602,9785.58549065761,9785.58549065761,21146.7238596828,31143.1870680388
1957,15450,343295,393859,110330,358745,358745,752604,862934,29760.3281108701,330570.086824153,630406.908837541,60046.4978522881,360330.414935023,360330.414935023,990737.323772564,1050783.82162485,2295,18926,34780,15241,21221,21221,56001,71242,2424,8964,21668,9606,11388,11388,33056,42662,1961.80915077644,8422.81315740954,12155.6512007661,11201.374463072,10384.622308186,10384.622308186,22540.2735089521,33741.6479720242
1958,16016,346913,403656,111613,362929,362929,766585,878198,31285.3882389388,334861.885857977,650550.609525314,60192.5232881345,366147.274096916,366147.274096916,1016697.88362223,1076890.40691036,2680,17420,32985,12574,20100,20100,53085,65659,2579,9110,23141,10344,11689,11689,34830,45174,2043.24201706705,8579.51042859397,12603.3797862309,11904.6308220336,10622.752445661,10622.752445661,23226.1322318919,35130.7630539256
1959,16520,358411,421678,115390,374931,374931,796609,911999,32607.7976434336,346777.164719405,682889.817964131,61642.6239709934,379384.962362839,379384.962362839,1062274.78032697,1123917.40429796,2845,18114,36324,12671,20959,20959,57283,69954,2652,9434,24091,10806,12086,12086,36177,46983,2125.91411738811,8882.7882356596,13195.2207747782,12242.9059927483,11008.7023530477,11008.7023530477,24203.9231278259,36446.8291205742
1960,16675,363018,430792,118824,379693,379693,810485,929309,33480.6328013803,352315.777591922,700765.559702741,64091.9771142469,385796.410393302,385796.410393302,1086561.97009604,1150653.94721029,2432,19508,37643,14864,21940,21940,59583,74447,2608,9687,24615,11220,12295,12295,36910,48130,2217.75948581288,8994.80479978167,13533.1134633212,12306.9942785617,11212.5642855945,11212.5642855945,24745.6777489158,37052.6720274775
1961,16713,374581,444217,122154,391294,391294,835511,957665,34017.5117938713,364369.146200758,725942.362271769,66135.4539098059,398386.657994629,398386.657994629,1124329.0202664,1190464.4741762,2502,19700,38067,14788,22202,22202,60269,75057,2606,9875,25365,11632,12481,12481,37846,49478,2251.10798527652,9315.38232975022,14038.2726994239,12836.8634774515,11566.4903150267,11566.4903150267,25604.7630144506,38441.6264919021
1962,17077,387229,460327,127287,404306,404306,864633,991920,35000.8144618197,377504.598927747,754612.221873857,69479.3250034331,412505.413389567,412505.413389567,1167117.63526342,1236596.96026686,2735,20828,41226,16042,23563,23563,64789,80831,2643,10224,26370,12149,12867,12867,39237,51386,2304.70103298712,9639.90807912829,14558.9024872216,13359.3312508583,11944.6091121154,11944.6091121154,26503.511599337,39862.8428501953
1963,17789,399455,477260,132535,417244,417244,894504,1027039,36278.0964420085,390254.80468828,784999.170290102,73117.5150537934,426532.901130289,426532.901130289,1211532.07142039,1284649.58647418,3216,21031,42915,17173,24247,24247,67162,84335,2713,10546,27600,12770,13259,13259,40859,53629,2361.57831728632,9979.0217483319,15144.5749038796,13986.1287634484,12340.6000656182,12340.6000656182,27485.1749694978,41471.3037329462
1964,18602,422524,504945,141347,441126,441126,946071,1087418,37720.1741648856,413344.433014414,831444.493276715,79448.3779570492,451064.607179299,451064.607179299,1282509.10045601,1361957.47841306,3365,23561,47665,19875,26926,26926,74591,94466,2817,10981,29168,13566,13798,13798,42966,56532,2453.94101177755,10534.6873787679,15995.4998627901,14893.3444892623,12988.6283905455,12988.6283905455,28984.1282533356,43877.4727425979
1965,20060,450562,539944,153221,470622,470622,1010566,1163787,40048.8038764102,441378.84539678,887322.532997164,88796.054295581,481427.64927319,481427.64927319,1368750.18227035,1457546.23656593,4011,27934,55622,24239,31945,31945,87567,111806,3002,11665,31312,14654,14667,14667,45979,60633,2574.12884831501,11174.1850107238,16973.4802652482,16139.2635738952,13748.3138590388,13748.3138590388,30721.794124287,46861.0576981823
1966,21924,483731,583432,171773,505655,505655,1089087,1260860,42975.3581150424,474509.918571342,956246.784491461,102751.766261236,517485.276686385,517485.276686385,1473732.06117785,1576483.82743908,4506,30423,61570,29299,34929,34929,96499,125798,3245,12556,34105,16220,15801,15801,49906,66126,2747.8112939316,12002.3491505768,18258.7098875808,18363.191565309,14750.1604445084,14750.1604445084,33008.8703320892,51372.0618973982
1967,23697,518613,630202,188710,542310,542310,1172512,1361222,45897.1033520639,509162.390799275,1033162.46072364,114387.838269637,555059.494151338,555059.494151338,1588221.95487498,1702609.79314462,4676,30739,62716,29802,35415,35415,98131,127933,3521,13411,37194,18036,16932,16932,54126,72162,2944.36452514742,12930.3619134939,19805.0298106866,21146.4595674093,15874.7264386413,15874.7264386413,35679.7562493279,56826.2158167372
1968,25090,568550,692079,209739,593640,593640,1285719,1495458,48585.7458480357,558268.551365789,1134177.76986516,127440.743704237,606854.297213824,606854.297213824,1741032.06707899,1868472.81078323,4379,32607,69768,31444,36986,36986,106754,138198,3758,14556,40936,19970,18314,18314,59250,79220,3157.62470343112,14207.0689558321,21722.6483645952,23999.1859260592,17364.6936592632,17364.6936592632,39087.3420238584,63086.5279499176
1969,26751,625160,763791,231810,651911,651911,1415702,1647512,51782.0407206347,614035.228883182,1250565.73363646,141061.833751909,665817.269603817,665817.269603817,1916383.00324028,2057444.83699219,4637,36751,78707,34519,41388,41388,120095,154614,3986,16008,45429,22180,19994,19994,65423,87603,3367.50290861677,15602.2764563022,23915.4843599278,26635.7084379773,18969.779364919,18969.779364919,42885.2637248468,69520.9721628241
1970,28826,689368,841374,255204,718194,718194,1559568,1814772,55583.3976508655,677142.489915225,1380396.28722312,154233.002334421,732725.88756609,732725.88756609,2113122.17478921,2267355.17712364,5045,39002,81148,35444,44047,44047,125195,160639,4220,17585,50315,24515,21805,21805,72120,96635,3609.88554649039,17247.040267979,26515.2711678189,29697.2505836053,20856.9258144694,20856.9258144694,47372.1969822883,77069.4475658936
1971,30608,770161,926999,277408,800769,800769,1727768,2005176,58954.1231536297,756245.421017937,1525103.83253631,165002.354529091,815199.544171566,815199.544171566,2340303.37670788,2505305.73123697,5278,41327,86854,35057,46605,46605,133459,168516,4515,19447,55199,26627,23962,23962,79161,105788,3834.00879668784,19322.1194869713,29352.0373987002,32486.3386322726,23156.1282836591,23156.1282836591,52508.1656823593,84994.5043146319
1972,32371,841899,1011628,298586,874270,874270,1885898,2184484,62149.562595835,827325.87032094,1666440.46337915,176375.347703239,889475.432916775,889475.432916775,2555915.89629592,2732291.24399916,6042,45976,98569,39117,52018,52018,150587,189704,4842,21432,60191,28613,26274,26274,86465,115078,4007.68304255964,21117.5640627281,31997.376803656,34314.5869258097,25125.2471052877,25125.2471052877,57122.6239089438,91437.2108347535
1973,37214,955145,1144469,331483,992359,992359,2136828,2468311,69736.9413534571,938725.356290456,1881685.87864753,194653.023394475,1008462.29764391,1008462.29764391,2890148.17629145,3084801.19968592,7961,53463,117221,44188,61424,61424,178645,222833,5258,24626,67469,31414,29884,29884,97353,128767,4412.56723953265,23926.0096294718,36009.4873193374,37616.2558486188,28338.5768690044,28338.5768690044,64348.0641883418,101964.320036961
1974,47172,1156507,1389502,401479,1203679,1203679,2593181,2994660,86675.8656617033,1134750.88829745,2284226.81345824,234215.853447461,1221426.75395915,1221426.75395915,3505653.56741738,3739869.42086484,8503,58832,123547,55029,67335,67335,190882,245911,6244,29193,78864,36463,35437,35437,114301,150764,5583.77611869309,29078.8888729039,44095.5063971068,44796.7133618651,34662.664991597,34662.664991597,78758.1713887038,123554.884750569
1975,54057,1245870,1521523,448200,1299927,1299927,2821450,3269650,98314.7858119294,1224711.72394704,2522485.9023926,259733.867108658,1323026.50975897,1323026.50975897,3845512.41215157,4105246.27926023,10015,59813,124649,57410,69828,69828,194477,251887,7541,33781,92496,43066,41322,41322,133818,176884,6307.12755799496,31483.749295866,48935.4469876041,50580.9667771645,37790.876853861,37790.876853861,86726.323841465,137307.29061863
1976,60596,1354813,1663754,490883,1415409,1415409,3079163,3570046,109760.185324275,1333325.58115573,2777443.89190459,282472.823012218,1443085.76648001,1443085.76648001,4220529.6583846,4503002.48139681,10604,63128,141318,61817,73732,73732,215050,276867,8482,36255,101397,47283,44737,44737,146134,193417,7082.58466601962,34329.6643555603,53798.4875898895,55163.9557530544,41412.24902158,41412.24902158,95210.7366114695,150374.692364524
1977,67754,1495197,1844747,547198,1562951,1562951,3407698,3954896,122359.576714364,1473648.45704303,3092850.33627436,313870.518534342,1596008.03375739,1596008.03375739,4688858.37003175,5002728.88856609,11874,71432,170248,70274,83306,83306,253554,323828,9532,40549,113699,52635,50081,50081,163780,216415,7891.82690816883,37897.742082244,59644.9456382522,60899.1296335855,45789.5689904128,45789.5689904128,105434.514628665,166333.644262251
1978,76196,1688997,2093241,617832,1765193,1765193,3858434,4476266,137148.88440107,1666481.51663409,3510867.1895218,354409.703133516,1803630.40103516,1803630.40103516,5314497.59055696,5668907.29369047,13252,89511,210918,82075,102763,102763,313681,395756,10636,45862,129491,58818,56498,56498,185989,244807,8849.77745721929,42620.8247738942,67345.9018269755,68083.675783379,51470.6022311135,51470.6022311135,118816.504058089,186900.179841468
1979,89637,1945202,2415516,712544,2034839,2034839,4450355,5162899,160102.012414616,1921885.23529901,4044409.50753433,407607.85992171,2081987.24771362,2081987.24771362,6126396.75524795,6534004.61516966,15462,112525,256791,93121,127987,127987,384778,477899,12115,53000,149794,66860,65115,65115,214909,281769,10331.4294581869,48901.6279810543,77298.3368884556,78621.7149804274,59233.0574392412,59233.0574392412,136531.394327697,215153.109308124
1980,99354,2216547,2771611,820711,2315901,2315901,5087512,5908223,180036.953834646,2191506.56687539,4644089.79059425,467786.678772732,2371543.52071003,2371543.52071003,7015633.31130428,7483419.99007701,13225,130633,278425,106158,143858,143858,422283,528441,13890,60016,173105,77280,73906,73906,247011,324291,11915.1395596176,55699.2855912267,89095.1998080459,90407.169693183,67614.4251508442,67614.4251508442,156709.62495889,247116.794652073
1981,109757,2526869,3161452,911240,2636626,2636626,5798078,6709318,201813.210696104,2504275.93545379,5302862.09837967,521104.553261668,2706089.14614989,2706089.14614989,8008951.24452956,8530055.79779123,13967,160478,328310,121343,174445,174445,502755,624098,15277,71766,201314,87839,87043,87043,288357,376196,13417.5864782932,63345.8901473997,101521.471395503,99940.3883154169,76763.4766256929,76763.4766256929,178284.948021196,278225.336336613
1982,111913,2695152,3382857,971212,2807065,2807065,6189922,7161134,212389.569916985,2685498.09436566,5708508.69994241,551229.354229522,2897887.66428265,2897887.66428265,8606396.36422505,9157625.71845458,10660,170116,347335,116170,180776,180776,528111,644281,16159,81235,225868,96285,97394,97394,323262,419547,14409.2549940704,67983.2998477206,109411.70816209,108764.83855738,82392.5548417909,82392.5548417909,191804.263003881,300569.101561261
1983,109260,2770143,3506456,1002516,2879403,2879403,6385859,7388375,214042.333001498,2770716.82647634,5961286.89000106,561976.199529866,2984759.15947784,2984759.15947784,8946046.0494789,9508022.24900876,10177,147794,349672,111767,157971,157971,507643,619410,15932,81162,236769,100947,97094,97094,333863,434810,14561.809500107,70889.8061209823,114522.752857164,112552.299882467,85451.6156210893,85451.6156210893,199974.368478254,312526.66836072
1984,106585,2943739,3750785,1052677,3050324,3050324,6801109,7853786,214010.48327172,2951827.29002294,6391923.05522609,592736.525646578,3165837.77329466,3165837.77329466,9557760.82852075,10150497.3541673,11184,173242,410968,132898,184426,184426,595394,728292,15516,83959,251852,105952,99475,99475,351327,457279,14487.60594798,75096.8997303497,122060.307249512,114959.631411644,89584.5056783298,89584.5056783298,211644.812927842,326604.444339486
1985,102215,3101817,3981335,1115981,3204032,3204032,7185367,8301348,211767.117181701,3118919.20058685,6803493.05772268,633777.417459503,3330686.31776855,3330686.31776855,10134179.3754912,10767956.7929507,9137,194840,445637,146132,203977,203977,649614,795746,14970,88704,272365,113132,103674,103674,376039,489171,14473.5797986929,79029.1675834285,129752.16444332,121911.354364876,93502.7473821214,93502.7473821214,223254.911825441,345166.266190317
1986,99660,3232612,4193598,1174676,3332272,3332272,7525870,8700546,213155.210874167,3257860.09390277,7209072.1242417,665027.258723366,3471015.30477694,3471015.30477694,10680087.4290186,11345114.687742,8448,175204,445921,140389,183652,183652,629573,769962,14603,91989,291943,120837,106592,106592,398535,519372,14621.9436338691,83315.0295649398,138023.492331463,131159.564680841,97936.9731988088,97936.9731988088,235960.465530272,367120.030211113
1987,96075,3415114,4451210,1232980,3511189,3511189,7962399,9195379,211968.865633085,3444970.23033999,7705745.62408094,694314.685218208,3656939.09597308,3656939.09597308,11362684.720054,12056999.4052722,8193,176107,455823,142623,184300,184300,640123,782746,14116,93349,310387,128154,107465,107465,417852,546006,14555.4189737918,88347.6548740539,147957.60457308,137922.921304552,102903.073847846,102903.073847846,250860.678420926,388783.599725478
1988,96571,3641727,4780451,1292260,3738298,3738298,8518749,9811009,216014.406872147,3676552.84078814,8332760.32377267,725972.70140385,3892567.24766028,3892567.24766028,12225327.571433,12951300.2728368,10935,181187,491627,150154,192122,192122,683749,833903,13890,99974,336202,136350,113864,113864,450066,586416,14648.5290622962,94469.347048328,160023.129056585,143954.675350962,109117.876110624,109117.876110624,269141.005167209,413095.680518172
1989,98649,3858711,5095699,1360646,3957360,3957360,9053059,10413705,221538.84696949,3901322.9610188,8958047.46716312,770615.808200225,4122861.80798829,4122861.80798829,13080909.2751514,13851525.0833516,12791,190592,519305,172025,203383,203383,722688,894713,14104,105919,362465,143732,120023,120023,482488,626220,14910.5604978207,100290.025973481,172219.234023737,149647.702050056,115200.586471302,115200.586471302,287419.820495039,437067.522545095
1990,101722,4055325,5385788,1437022,4157047,4157047,9542835,10979857,228464.609824709,4104187.76561692,9554980.28963423,819755.718609876,4332652.37544163,4332652.37544163,13887632.6650759,14707388.3836857,13639,204097,534304,182550,217736,217736,752040,934590,14388,111553,386482,152433,125941,125941,512423,664856,15344.6864160506,105407.858530187,184095.434482331,159301.429652469,120752.544946238,120752.544946238,304847.979428569,464149.409081038
1991,102678,4116647,5511706,1482651,4219325,4219325,9731031,11213682,232979.005315144,4173583.71451235,9911204.36281802,851529.216281766,4406562.71982749,4406562.71982749,14317767.0826455,15169296.2989273,11966,179561,513141,186752,191527,191527,704668,891420,14665,115919,406750,160877,130584,130584,537334,698211,15786.643236796,107946.559851685,191797.211486082,166194.304070441,123733.203088481,123733.203088481,315530.414574563,481724.718645004
1992,101307,4251264,5704338,1535428,4352571,4352571,10056909,11592337,234274.479744477,4315238.15363648,10395122.0821707,886003.569751634,4549512.63338096,4549512.63338096,14944634.7155517,15830638.2853033,10579,164752,524106,192158,175331,175331,699437,891595,14667,116462,417668,167172,131129,131129,548797,715969,15978.2485531769,112175.301449635,201449.307799402,173461.392437909,128153.550002811,128153.550002811,329602.857802214,503064.250240122
1993,102506,4459065,5998809,1586642,4561571,4561571,10560380,12147022,237573.990904276,4528154.30803762,11036169.7422928,916229.943573199,4765728.2989419,4765728.2989419,15801898.0412347,16718127.9848079,13317,173292,583683,193079,186609,186609,770292,963371,14592,120943,438062,173196,135535,135535,573597,746793,16018.3564931626,117698.981298314,213316.055965159,180787.7358933,133717.337791477,133717.337791477,347033.393756636,527821.129649936
1994,105725,4697080,6340151,1671436,4802805,4802805,11142956,12814392,242636.041637458,4775378.9137967,11773683.8325106,970815.164015318,5018014.95543416,5018014.95543416,16791698.7879447,17762513.9519601,15782,180245,627534,214376,196027,196027,823561,1037937,14940,126278,464738,180959,141218,141218,605956,786915,16203.8601169613,124192.808480992,227472.445561441,189109.79100383,140396.668597953,140396.668597953,367869.114159394,556978.905163223
1995,110585,4913397,6686689,1767955,5023982,5023982,11710671,13478626,250171.009972627,4997658.85345002,12511206.2303437,1045118.78282042,5247829.86342265,5247829.86342265,17759036.0937663,18804154.8765867,17567,204120,687961,248952,221687,221687,909648,1158600,15599,133381,498914,194884,148980,148980,647894,842778,16614.572140902,129555.104147298,241290.718986606,199041.695705104,146169.6762882,146169.6762882,387460.395274805,586502.090979909
1996,114273,5135950,7012681,1863493,5250223,5250223,12262904,14126397,254979.581194444,5225102.48843806,13200322.0945288,1124823.00649544,5480082.06963251,5480082.06963251,18680404.1641613,19805227.1706568,18492,225097,743099,276888,243589,243589,986688,1263576,16240,138839,526275,206963,155079,155079,681354,888317,16891.9700853174,135135.283471299,254229.042745486,211983.75162386,152027.253556616,152027.253556616,406256.296302102,618240.047925962
1997,120190,5445420,7425069,1963059,5565610,5565610,12990679,14953738,261394.246366863,5540399.50243181,14027623.1078284,1205132.65438242,5801793.74879867,5801793.74879867,19829416.856627,21034549.5110095,22320,249089,826880,290895,271409,271409,1098289,1389184,16945,147368,560343,221502,164313,164313,724656,946158,17076.7318833474,143008.391957616,269402.920567926,228559.413595605,160085.123840964,160085.123840964,429488.04440889,658047.458004495
1998,125845,5759325,7858138,2071540,5885170,5885170,13743308,15814848,268793.482565774,5862188.5795998,14870661.1735722,1287503.68835363,6130982.06216558,6130982.06216558,21001643.2357377,22289146.9240914,22012,273150,915682,304720,295162,295162,1210844,1515564,17772,157677,598519,235137,175449,175449,773968,1009105,17627.2487546981,151055.096745941,284795.493338208,245695.922088407,168682.345500639,168682.345500639,453477.838838846,699173.760927254
1999,126080,6063720,8377538,2168845,6189800,6189800,14567338,16736183,270706.847941461,6174316.25559861,15858403.7440051,1356247.93914718,6445023.10354007,6445023.10354007,22303426.8475452,23659674.7866924,17267,281523,1024696,306845,298790,298790,1323486,1630331,18240,164294,648786,249356,182534,182534,831320,1080676,18102.846281533,159264.682583746,302728.729469492,262350.734786795,177367.528865279,177367.528865279,480096.258334771,742446.993121567
2000,126791,6467525,9024567,2272252,6594316,6594316,15618883,17891135,272392.454787073,6584459.7538352,17094169.4018326,1432848.16961756,6856852.20862227,6856852.20862227,23951021.6104549,25383869.7800724,18300,314651,1128555,327849,332951,332951,1461506,1789355,18304,173794,714631,264881,192098,192098,906729,1171610,18149.4610562195,169454.290644195,325828.865343522,276249.792404391,187603.751700414,187603.751700414,513432.617043936,789682.409448327
2001,128977,6880747,9530423,2339038,7009724,7009724,16540147,18879185,276345.036139691,7015672.61991049,18201927.7864673,1479856.53363539,7292017.65605018,7292017.65605018,25493945.4425175,26973801.9761529,19238,326184,1087830,325820,345422,345422,1433252,1759072,18486,188410,765356,274663,206896,206896,972252,1246915,18364.7882956922,180796.98972731,349267.301764639,288509.133408848,199161.778023003,199161.778023003,548429.079787641,836938.213196489
2002,133036,7212921,9918629,2369432,7345957,7345957,17264586,19634018,282130.558698603,7360483.36302883,19170792.5095647,1483651.29692404,7642613.92172743,7642613.92172743,26813406.4312922,28297057.7282162,21533,278288,1010622,290965,299821,299821,1310443,1601408,18828,200930,796697,277956,219758,219758,1016455,1294411,18614.1113356145,191410.685487266,370615.724684995,298171.574231009,210024.79682288,210024.79682288,580640.521507875,878812.095738883
2003,138879,7516088,10291005,2406975,7654967,7654967,17945972,20352947,290888.70551894,7677720.09355523,20113507.2124883,1485380.14271954,7968608.79907417,7968608.79907417,28082116.0115624,29567496.154282,22905,277995,1041384,280199,300900,300900,1342284,1622483,19447,210658,821680,279109,230105,230105,1051785,1330894,19141.6932513528,199992.570096087,389227.004336495,301295.285679885,219134.26334744,219134.26334744,608361.267683936,909656.553363821
2004,149409,8335744,11270580,2515035,8485153,8485153,19755733,22270768,307517.371067903,8523982.71360073,22227299.4399026,1529873.88381786,8831500.08466863,8831500.08466863,31058799.5245713,32588673.4083891,25672,298569,1122296,291240,324241,324241,1446537,1737777,20544,229087,867829,284333,249631,249631,1117460,1401793,20131.8122191359,222308.478745966,430714.35591638,309658.470954465,242440.290965102,242440.290965102,673154.646881482,982813.117835947
2005,157361,9310841,12386099,2648944,9468202,9468202,21854301,24503245,320214.745318957,9546534.64517336,24624440.6009013,1600401.77238135,9866749.39049232,9866749.39049232,34491189.9913936,36091591.763775,26209,343425,1243481,323181,369634,369634,1613115,1936296,21942,262711,941350,295490,284653,284653,1226003,1521493,21000.4103799255,248732.693112794,477162.440834721,319305.193095337,269733.103492719,269733.103492719,746895.54432744,1066200.73742278
2006,163865,10179066,13512638,2777020,10342931,10342931,23855569,26632589,332199.931379747,10457470.9040641,26974241.8546864,1669958.07872428,10789670.8354438,10789670.8354438,37763912.6901302,39433870.7688545,24982,413005,1394491,346287,437987,437987,1832478,2178765,22905,299435,1022236,308686,322340,322340,1344576,1653262,21944.1379556962,271472.051461191,522035.731728294,330917.76968107,293416.189416887,293416.189416887,815451.921145181,1146369.69082625
2007,171210,10770495,14271529,2945690,10941705,10941705,25213234,28158924,345460.521334542,11092095.583268,28614738.0158988,1779721.7112912,11437556.1046025,11437556.1046025,40052294.1205013,41832015.8317925,26360,493668,1494561,397492,520028,520028,2014589,2412081,23834,321895,1090935,326174,345729,345729,1436664,1762838,22792.8943810387,286443.988736972,553473.000324465,345557.4278228,309236.883118011,309236.883118011,862709.883442476,1208267.31126528
2008,184471,11558829,15208316,3133177,11743300,11743300,26951616,30084793,368350.162356059,11937218.7556052,30686500.9576048,1898422.52858998,12305568.9179613,12305568.9179613,42992069.8755661,44890492.4041561,30006,551362,1516934,418066,581368,581368,2098302,2516368,25308,346397,1153480,347546,371705,371705,1525185,1872731,24167.4401682899,307725.858259601,595297.284849078,370089.132147494,331893.298427891,331893.298427891,927190.583276969,1297279.71542446
2009,189644,11028619,14711482,3088644,11218263,11218263,25929745,29018389,377148.560598563,11433872.9137791,30147656.982817,1852749.70720586,11811021.4743776,11811021.4743776,41958678.4571946,43811428.1644005,29649,436669,1269840,357759,466318,466318,1736158,2093917,26477,342522,1161056,353497,368999,368999,1530055,1883552,24821.3971856116,297221.727399434,589343.203730959,373747.676801466,322043.124585046,322043.124585046,911386.328316005,1285134.00511747
2010,196077,11283534,15106206,3137263,11479611,11479611,26585817,29723080,387887.156235006,11730382.1156079,31343686.5100492,1866557.180876,12118269.2718429,12118269.2718429,43461955.7818921,45328512.9627681,30827,365812,1325218,365002,396639,396639,1721857,2086859,27156,340419,1168210,356755,367575,367575,1535785,1892540,25504.296873929,307150.543665079,612621.806327535,375388.795218999,332654.840539008,332654.840539008,945276.646866543,1320665.44208554
2011,208802,11799149,15830005,3263592,12007951,12007951,27837956,31101548,407960.734342763,12296403.9828851,33162005.6798211,1941471.23143745,12704364.7172278,12704364.7172278,45866370.3970489,47807841.6284864,35926,391506,1452403,405524,427432,427432,1879835,2285359,28704,354119,1220240,369312,382823,382823,1603063,1972375,26573.9095959117,321753.999537434,647134.748567778,383986.807859363,348327.909133346,348327.909133346,995462.657701124,1379449.46556049
2012,226601,12111943,16364724,3354679,12338544,12338544,28703268,32057947,431090.259825087,12673640.8088212,34567182.3237205,2007536.20423452,13104731.0686462,13104731.0686462,47671913.3923667,49679449.5966013,46646,461449,1606818,435223,508095,508095,2114913,2550136,30928,374109,1285810,383384,405037,405037,1690847,2074231,27460.3042732205,330059.238076248,672660.496402459,393078.301058631,357519.542349468,357519.542349468,1030180.03875193,1423258.33981056
2013,249859,12599743,17017403,3499153,12849602,12849602,29867005,33366158,461274.297634322,13216886.4668197,36208779.8798203,2107683.18947709,13678160.7644541,13678160.7644541,49886940.6442744,51994623.8337515,54328,474126,1672502,467289,528454,528454,2200956,2668245,33834,383760,1342858,395562,417594,417594,1760452,2156014,29067.5926881659,344398.931535669,704821.997547354,410098.547369273,373466.524223834,373466.524223834,1078288.52177119,1488387.06914046
2014,272803,13199137,17845504,3613327,13471940,13471940,31317444,34930771,492374.622073492,13886789.1619648,38158961.6646202,2190230.13986749,14379163.7840383,14379163.7840383,52538125.4486585,54728355.588526,57856,555121,1847726,484429,612977,612977,2460703,2945132,37312,410709,1420410,411633,448021,448021,1868431,2280064,31037.0444338209,360315.355728777,741045.625808576,426450.284966871,391352.400162598,391352.400162598,1132398.02597117,1558848.31093805
2015,275636,13386252,18232317,3686136,13661888,13661888,31894205,35580341,502156.688952719,14132762.5526938,39222461.1174693,2252176.45364999,14634919.2416465,14634919.2416465,53857380.3591159,56109556.8127658,41148,558117,1915346,501375,599265,599265,2514611,3015986,39185,423235,1485067,425340,462420,462420,1947487,2372827,32929.1920680514,366882.312234968,761369.696274884,437700.363412496,399811.504303019,399811.504303019,1161181.2005779,1598881.5639904
2016,270425,13703387,18784833,3789196,13973812,13973812,32758645,36547841,503859.234103058,14504677.2232951,40689195.5403325,2322351.62699217,15008536.4573982,15008536.4573982,55697731.9977307,58020083.6247229,31912,534381,1931392,506269,566293,566293,2497685,3003954,39013,421487,1532648,433377,460500,460500,1993148,2426525,33710.516721647,377575.573602571,790975.582455766,454020.656748043,411286.090324218,411286.090324218,1202261.67277998,1656282.32952803
2017,267876,14142872,19512941,3955951,14410748,14410748,33923689,37879640,507783.947841212,15023059.5237423,42578086.6515857,2428391.53845442,15530843.4715835,15530843.4715835,58108930.1231692,60537321.6616237,33931,560689,2045982,521160,594620,594620,2640602,3161762,38525,432796,1608153,453126,471321,471321,2079474,2532600,33846.6391315151,390874.879020062,827185.809216036,476807.884613605,424721.518151577,424721.518151577,1251907.32736761,1728715.21198122
2018,269576,14773946,20453623,4158206,15043522,15043522,35497145,39655351,518540.902500108,15710666.6412709,44834472.6703093,2558519.84111237,16229207.543771,16229207.543771,61063680.2140804,63622200.0551927,34368,603372,2208087,555874,637740,637740,2845827,3401701,38433,433644,1686865,475898,472077,472077,2158942,2634840,34583.7787500077,408305.26057489,869926.238169579,500661.460278092,442889.039324898,442889.039324898,1312815.27749448,1813476.73777257
2019,270424,15513594,21466310,4327353,15784018,15784018,37250328,41577681,524522.180202843,16508717.8088489,47284080.8998395,2665698.36339596,17033239.9890517,17033239.9890517,64317320.8888912,66983019.2522872,38184,642044,2313463,576116,680228,680228,2993691,3569807,38666,455949,1788402,494755,494615,494615,2283017,2777772,34738.4414430602,428829.021860781,917767.712241623,522395.590848991,463567.463303841,463567.463303841,1381335.17554546,1903730.76639445
2020,273209,15623610,21833427,4532196,15896819,15896819,37730246,42262442,533816.259727339,16645978.0624768,48611097.7450894,2778556.82044712,17179794.3222042,17179794.3222042,65790892.0672936,68569448.8877407,38369,582267,2189677,573414,620636,620636,2810313,3383727,38844,461625,1862642,516953,500469,500469,2363111,2880064,35389.0899805243,434154.353039914,947375.933573254,551285.70511178,469543.443020438,469543.443020438,1416919.37659369,1968205.08170547
2021,303372,17788942,24396509,4936871,18092314,18092314,42488823,47425694,589259.082245019,18938248.4427705,54722140.0310037,3000712.71747547,19527507.5250155,19527507.5250155,74249647.5560192,77250360.2734947,45720,584499,2369541,611190,630219,630219,2999760,3610950,40679,469387,1960713,543158,510066,510066,2470779,3013937,38824.2201603585,496047.282237041,1068420.38838783,597380.679368867,534871.5023974,534871.5023974,1603291.89078523,2200672.5701541
2022,334981,20414893,27423509,5459692,20749874,20749874,48173383,53633075,648591.488360893,21712759.9474665,61842380.083472,3285510.1431729,22361351.4358274,22361351.4358274,84203731.5192994,87489241.6624723,50531,713567,2689247,674815,764098,764098,3453345,4128160,45604,551096,2183828,585329,596700,596700,2780528,3365857,42718.6063114924,567545.755336934,1207206.79762188,652673.785793226,610264.361648426,610264.361648426,1817471.1592703,2470144.94506353
2023,341341,20784011,28347143,5615309,21125352,21125352,49472495,55087804,664482.54220683,22101544.5968943,64180190.3380235,3361643.07120892,22766027.1391011,22766027.1391011,86946217.4771246,90307860.5483335,48566,876921,3023570,700341,925487,925487,3949057,4649398,48050,587646,2352407,614456,635696,635696,2988103,3602559,43994.0387290593,573638.475591737,1248094.29261273,665325.51780223,617632.514320796,617632.514320796,1865726.80693352,2531052.32473575
2024,346207,21194240,29278165,5793216,21540447,21540447,50818612,56611828,676245.056728889,22540792.201573,66647865.7507512,3460861.02370569,23217037.2583019,23217037.2583019,89864903.0090531,93325764.0327588,50717,886917,3163664,728568,937634,937634,4101298,4829866,48814,599578,2492881,640286,648392,648392,3141273,3781559,44680.5754806349,585239.870312784,1295595.95409696,683073.255926423,629920.445793419,629920.445793419,1925516.39989038,2608589.65581681
