"year","ME_K_net_real","NRC_K_net_real","RC_K_net_real","IP_K_net_real","NR_K_net_real","TOTAL_PRODUCTIVE_K_net_real","TOTAL_WITH_RC_K_net_real","TOTAL_ALL_K_net_real","ME_K_gross_real","NRC_K_gross_real","RC_K_gross_real","IP_K_gross_real","NR_K_gross_real","TOTAL_PRODUCTIVE_K_gross_real","TOTAL_WITH_RC_K_gross_real","TOTAL_ALL_K_gross_real","ME_IG_real","NRC_IG_real","RC_IG_real","IP_IG_real","NR_IG_real","TOTAL_PRODUCTIVE_IG_real","TOTAL_WITH_RC_IG_real","TOTAL_ALL_IG_real","ME_D_real","NRC_D_real","RC_D_real","IP_D_real","NR_D_real","TOTAL_PRODUCTIVE_D_real","TOTAL_WITH_RC_D_real","TOTAL_ALL_D_real","ME_Ret_real","NRC_Ret_real","RC_Ret_real","IP_Ret_real","NR_Ret_real","TOTAL_PRODUCTIVE_Ret_real","TOTAL_WITH_RC_Ret_real","TOTAL_ALL_Ret_real"
1925,42755.68836,2674982.81008,1783677.93681,307021.35711,2717738.49844,2717738.49844,4501416.43525,4808437.79236,76771.6297521049,2498860.67481364,2145022.30838546,434817.361280996,2575632.30456575,2575632.30456575,4720654.61295121,5155471.9742322,10927.8696777049,128685.116513811,152297.317381327,29549.169895796,139612.986191516,139612.986191516,291910.303572844,321459.47346864,6403.79535049181,65736.9790240832,83568.1796833526,20901.9262817659,72140.774374575,72140.774374575,155708.954057928,176610.880339694,4703.1257196,64058.7988729684,40667.856959268,101317.0478463,68761.9245925684,68761.9245925684,109429.781551836,210746.829398136
1926,45166.57236,2757718.61128,1849241.41857,314577.22352,2802885.18364,2802885.18364,4652126.60221,4966703.82573,81295.4741564713,2583807.41092319,2256792.44519028,377318.422357249,2665102.88507966,2665102.88507966,4921895.33026994,5299213.75262719,9641.9530545067,150706.227552007,154670.582972535,29464.5333324518,160348.180606513,160348.180606513,315018.763579048,344483.2969115,7250.87290894466,67709.4216897168,89115.5489606164,22177.9860737662,74960.2945986615,74960.2945986615,164075.843559278,186253.829633044,5118.10865014033,65759.4914424643,42900.4461677092,86963.4722561992,70877.6000926046,70877.6000926046,113778.046260314,200741.518516513
1927,47296.18656,2838757.26784,1903877.65337,321777.05434,2886053.4544,2886053.4544,4789931.10777,5111708.16211,85724.0027153001,2667796.68267061,2359626.36209244,331688.725087569,2753520.68538591,2753520.68538591,5113147.04747834,5444835.77256591,9848.22683592689,151984.203613819,147969.765805959,29833.9872017704,161832.430449746,161832.430449746,309802.196255705,339636.183457475,7718.04610966057,70432.4067164118,92994.1374882703,22833.0396392346,78150.4528260724,78150.4528260724,171144.590314343,193977.629953577,5419.69827709809,67994.9318663996,45135.8489038057,75463.6844714497,73414.6301434977,73414.6301434977,118550.479047303,194014.163518753
1928,49131.13716,2916543.06384,1955782.07643,332814.15763,2965674.201,2965674.201,4921456.27743,5254270.43506,89983.5238223673,2746030.81182169,2459121.09557819,299214.732376098,2836014.33564406,2836014.33564406,5295135.43122224,5594350.16359834,9974.45462142049,148439.305010835,146687.260727598,33863.752306043,158413.759632256,158413.759632256,305101.020359854,338964.772665897,8152.49541812697,71729.8328654259,95243.9771055087,23240.5220359867,79882.3282835529,79882.3282835529,175126.305389062,198366.827425048,5714.93351435334,70205.1758597528,47192.5272418487,66337.7450175139,75920.1093741061,75920.1093741061,123112.636615955,189450.381633469
1929,51284.8602,3003804.58408,2015491.67589,349864.30644,3055089.44428,3055089.44428,5070581.12017,5420445.42661,94680.5605278803,2838150.43310411,2571019.94604033,282207.352705819,2932830.99363199,2932830.99363199,5503850.93967232,5786058.29237814,10695.9382936709,164383.590014569,161081.272373708,42835.5668049401,175079.52830824,175079.52830824,336160.800681948,378996.367486888,8532.02014177215,76620.485287403,101081.201120414,25447.0564912805,85152.5054291752,85152.5054291752,186233.706549589,211680.76304087,5998.90158815782,72263.9687321497,49182.4219115637,59842.9464752197,78262.8703203075,78262.8703203075,127445.292231871,187288.238707091
1930,52158.13596,3068720.36656,2054712.6873,357341.05383,3120878.50252,3120878.50252,5175591.18982,5532932.24365,98044.9194234274,2910003.82301502,2664647.8888973,260627.919974695,3008048.74243844,3008048.74243844,5672696.63133575,5933324.55131044,9676.3962640724,146541.559203121,145048.34177778,34862.0378100399,156217.955467193,156217.955467193,301266.297244973,336128.335055013,8795.29351482353,80260.4794401759,105226.483657766,27153.9523902741,89055.7729549994,89055.7729549994,194282.256612765,221436.209003039,6312.03736852536,74688.1692922134,51420.3989208066,56441.4705411638,81000.2066607387,81000.2066607387,132420.605581545,188862.076122709
1931,49632.06528,3082438.9524,2052566.26379,354769.68568,3132071.01768,3132071.01768,5184637.28147,5539406.96715,97648.9792933972,2932596.82486293,2718166.62878382,233813.254155229,3030245.80415633,3030245.80415633,5748412.43294014,5982225.68709537,6140.38783153159,99172.0498219954,106811.697664458,25310.9181754726,105312.437653527,105312.437653527,212124.135317985,237435.053493458,8750.87356739663,84905.0648439051,109619.041539331,28159.2648685953,93655.9384113017,93655.9384113017,203274.979950633,231434.244819228,6536.32796156183,76579.0479740794,53292.9577779461,52125.583994939,83115.3759356412,83115.3759356412,136408.333713587,188533.917708526
1932,45648.74916,3060234.64336,2020369.91114,344879.80818,3105883.39252,3105883.39252,5126253.30366,5471133.11184,94911.409250254,2911430.67491821,2733040.42966318,203699.464571891,3006342.08416846,3006342.08416846,5739382.51383164,5943081.97840353,3772.36190975,56007.4507095617,69237.1334550405,16648.8612477082,59779.8126193117,59779.8126193117,129016.946074352,145665.80732206,7608.12486,78986.8637266976,102816.559393775,26780.8122581303,86594.9885866976,86594.9885866976,189411.547980473,216192.360238603,6509.93195289314,77173.6006542877,54363.3325756763,46762.6508310457,83683.5326071808,83683.5326071808,138046.865182857,184809.516013903
1933,41885.09136,3025867.4644,1979587.86445,340330.46453,3067752.55576,3067752.55576,5047340.42021,5387670.88474,91950.5949705566,2877166.75254823,2732716.5635314,181695.960110456,2969117.34751878,2969117.34751878,5701833.91105019,5883529.87116064,3366.61300365283,42352.6743383939,54336.9424614878,18736.388452943,45719.2873420467,45719.2873420467,100056.229803535,118792.618256478,7175.78546318491,75122.4454325194,94061.4978593366,22815.2064281472,82298.2308957043,82298.2308957043,176359.728755041,199174.935183188,6327.42728335027,76616.5967083738,54660.8085932636,40739.8929143782,82944.0239917241,82944.0239917241,137604.832584988,178344.725499366
1934,39701.90196,2997864.57784,1952074.61764,338906.32217,3037566.4798,3037566.4798,4989641.09744,5328547.41961,90581.4542410981,2848440.42618221,2742283.64553766,168191.766968008,2939021.8804233,2939021.8804233,5681305.52596097,5849497.29292897,4760.89893524528,46988.5881747226,64221.413276887,22834.9988796429,51749.4871099678,51749.4871099678,115970.900386855,138805.899266498,7041.46940422642,75203.784201452,91767.3625990812,24311.5789529167,82245.2536056784,82245.2536056784,174012.61620476,198324.195157676,6130.03966470377,75714.9145407428,54654.3312706281,36339.1920220912,81844.9542054465,81844.9542054465,136499.285476075,172838.477498166
1935,40425.16716,2975943.12624,1936854.52366,339895.30992,3016368.2934,3016368.2934,4953222.81706,5293118.12698,92120.2951805395,2827766.50845419,2764050.68124217,160447.256275584,2919886.80363473,2919886.80363473,5683937.4848769,5844384.74115249,7577.60455551464,54285.0408557279,76612.7086152649,25893.8427011782,61862.6454112426,61862.6454112426,138475.354026508,164369.196727686,6850.2898325523,76050.0975319332,92137.1579159277,24884.4566292945,82900.3873644855,82900.3873644855,175037.545280413,199922.001909708,6038.76361607321,74958.9585837422,54845.6729107532,33638.3533936015,80997.7221998155,80997.7221998155,135843.395110569,169481.74850417
1936,43071.78204,2970851.69232,1942513.27655,346699.54564,3013923.47436,3013923.47436,4956436.75091,5303136.29655,95625.8299630944,2817184.33421929,2798508.99980001,158475.47962012,2912810.16418239,2912810.16418239,5711319.1639824,5869794.64360252,9646.88779459086,63832.7338823168,89739.3321826822,30117.6745996523,73479.6216769077,73479.6216769077,163218.95385959,193336.628459242,7032.46537341529,69453.4329007906,84610.7865593094,23734.7491562207,76485.8982742059,76485.8982742059,161096.684833515,184831.433989736,6141.35301203597,74414.9081172156,55281.0136248435,32089.4512551169,80556.2611292515,80556.2611292515,135837.274754095,167926.726009212
1937,46913.12388,2982307.41864,1960270.05286,359754.18394,3029220.54252,3029220.54252,4989490.59538,5349244.77932,100749.24741546,2830045.88459832,2851601.92784569,165897.878652572,2930795.13201378,2930795.13201378,5782397.05985947,5948294.93851204,11498.4727832382,86997.9802269077,109063.108041675,39117.4949564762,98496.4530101459,98496.4530101459,207559.561051821,246677.056008297,7660.27289205913,76235.3434978057,91549.3242685591,26223.2095819341,83895.6163898648,83895.6163898648,175444.940658424,201668.150240358,6375.05533087296,74136.4298478761,55970.1799960003,31695.0959240239,80511.4851787491,80511.4851787491,136481.665174749,168176.761098773
1938,48281.97024,2977215.98472,1958123.62935,360782.7312,3025497.95496,3025497.95496,4983621.58431,5344404.31551,103646.658069796,2826640.54400509,2885436.88110398,161609.180191191,2930287.20207489,2930287.20207489,5815724.08317887,5977333.26337006,9614.02714870064,71069.5511067204,90866.9918152074,28890.8772691333,80683.578255421,80683.578255421,171550.570070628,200441.447339762,8261.54536337496,76433.904232342,93428.8805712309,27868.3558728641,84695.449595717,84695.449595717,178124.330166948,205992.686039812,6716.61649436398,74474.8916999559,57032.0385569137,33179.5757305144,81191.5081943199,81191.5081943199,138223.546751234,171403.122481748
1939,49206.14244,2975518.84008,1961831.08814,365134.2773,3024724.98252,3024724.98252,4986556.07066,5351690.34796,105877.492093236,2826657.94808103,2924570.37899373,161266.59100471,2932535.44017427,2932535.44017427,5857105.819168,6018372.41017271,9140.61122809272,74402.6815497581,96842.2355118298,31979.2468517576,83543.2927778508,83543.2927778508,180385.528289681,212364.775141438,8211.88602309934,76069.8769623405,93078.2619174068,27634.1416797451,84281.7629854399,84281.7629854399,177360.024902847,204994.166582592,6909.77720465309,74385.2774738181,57708.7376220796,32321.8360382382,81295.0546784712,81295.0546784712,139003.792300551,171325.628338789
1940,51011.62668,2982731.7048,1979587.86445,377199.92785,3033743.33148,3033743.33148,5013331.19593,5390531.12378,109111.804212105,2832230.58374366,2975062.00241254,168551.444276951,2941342.38795577,2941342.38795577,5916404.3903683,6084955.83464525,10292.8115917517,79958.3711384494,108983.03099868,39538.1714731829,90251.1827302011,90251.1827302011,199234.213728881,238772.385202064,8466.92821676275,73496.1516612893,91910.868792123,27943.2504271614,81963.0798780521,81963.0798780521,173873.948670175,201817.199097337,7058.4994728824,74385.7354758165,58491.4075798746,32253.3182009421,81444.2349486989,81444.2349486989,139935.642528574,172188.960729516
1941,55581.59124,2999844.57992,2001442.35837,399551.051,3055426.17116,3055426.17116,5056868.52953,5456419.58053,114874.419329611,2843824.77380948,3027770.42813254,184054.058110784,2958699.1931391,2958699.1931391,5986469.62127164,6170523.67938242,13036.7353983127,86126.5738485499,112209.665768255,49212.9026892226,99163.3092468626,99163.3092468626,211372.975015117,260585.87770434,8646.35715420742,71069.6744281498,91311.2658840589,28753.0940712032,79716.0315823572,79716.0315823572,171027.297466416,199780.391537619,7274.12028080702,74532.3837827279,59501.2400482507,33710.2888553902,81806.504063535,81806.504063535,141307.744111786,175018.032967176
1942,55412.82936,2981175.98888,1980758.64091,406315.72721,3036588.81824,3036588.81824,5017347.45915,5423663.18636,116584.116730929,2825319.32167298,3042372.12437423,185035.777449543,2941903.43840391,2941903.43840391,5984275.56277815,6169311.34022769,9367.99202329246,56332.0419111183,75157.1048043452,37792.5309609162,65700.0339344108,65700.0339344108,140857.138738756,178649.669699672,9758.32502426298,73815.2863198634,96754.1616366972,31703.812971709,83573.6113441264,83573.6113441264,180327.772980824,212031.585952533,7658.29462197407,74837.494047618,60555.4085626508,36810.8116221567,82495.7886695921,82495.7886695921,143051.197232243,179862.0088544
1943,53146.5984,2946525.95248,1955196.6882,403704.79955,2999672.55088,2999672.55088,4954869.23908,5358574.03863,115542.995278922,2794212.75516599,3050378.80563019,178189.183050658,2909755.75044491,2909755.75044491,5960134.55607511,6138323.73912576,6731.15299672131,43243.9419580841,68854.1237434433,30160.5610910241,49975.0949548054,49975.0949548054,118829.218698249,148989.779789273,9063.86990163935,77292.9090038757,94579.1423007261,32899.8761412102,86356.778905515,86356.778905515,180935.921206241,213835.797347451,7772.27444872863,74350.5084650785,60847.4424874847,37007.1554899086,82122.7829138072,82122.7829138072,142970.225401292,179977.3808912
1944,55463.7258,2926301.64552,1943098.66478,408807.97634,2981765.37132,2981765.37132,4924864.0361,5333672.01244,119433.764152565,2777680.16728767,3072400.27009445,181532.28024938,2897113.93144024,2897113.93144024,5969514.20153469,6151046.48178407,11593.6352255708,56999.3267313127,83029.0405768612,38980.9338088533,68592.9619568835,68592.9619568835,151622.002533745,190602.936342598,9483.14337625571,76458.3113858092,95831.6334499758,34062.6472792575,85941.4547620649,85941.4547620649,181773.088212041,215835.735491298,7702.86635192814,73531.9146096313,61007.5761126039,35637.8366101317,81234.7809615594,81234.7809615594,142242.357074163,177880.193684295
1945,58611.2688,2927433.07528,1965928.80575,424869.1374,2986044.34408,2986044.34408,4951973.14983,5376842.28723,123786.404102567,2779835.78769684,3124288.70991237,192738.703739755,2903622.19179941,2903622.19179941,6027910.90171177,6220649.60545153,12314.8908935065,75252.4669167383,113336.445219807,47512.8795402514,87567.3578102448,87567.3578102448,200903.803030052,248416.682570303,9460.44598441558,73994.0644599367,92174.0384360255,32399.2101409189,83454.5104443523,83454.5104443523,175628.548880378,208027.759021297,7962.25094350431,73096.8465075703,61448.005401889,36306.456049876,81059.0974510746,81059.0974510746,142507.102852964,178813.55890284
1946,61493.61456,2991500.28544,2022321.20524,459088.11355,3052993.9,3052993.9,5075315.10524,5534403.21879,127977.301395762,2831508.05753604,3201372.83236718,219423.352421731,2959485.3589318,2959485.3589318,6160858.19129898,6380281.54372071,12443.3242333663,124825.843199645,139569.896653057,65232.3894299263,137269.167433011,137269.167433011,276839.064086068,342071.453515994,9563.98213247525,69024.8995417108,88534.799307742,33279.3082532756,78588.8816741861,78588.8816741861,167123.680981928,200402.989235204,8252.42694017113,73153.5733604431,62485.7741982474,38547.7407479511,81406.0003006143,81406.0003006143,143891.774498862,182439.515246813
1947,72286.3386,3043828.91184,2091006.75756,497658.6358,3116115.25044,3116115.25044,5207122.008,5704780.6438,141022.267000715,2877287.56908452,3298803.39967612,248188.557603865,3018309.83608524,3018309.83608524,6317113.23576135,6565301.79336522,21576.7856980036,120292.881483642,161458.023956281,72649.8756664808,141869.667181646,141869.667181646,303327.691137927,375977.566804408,10829.4579658822,72548.1824936047,95701.3500437261,36175.2060202427,83377.6404594869,83377.6404594869,179078.990503213,215254.196523456,8531.82009305081,74513.369935159,64027.4566473436,43884.6704843461,83045.1900282098,83045.1900282098,147072.646675553,190957.317159899
1948,85444.40772,3109876.12408,2171790.3333,524915.13819,3195320.5318,3195320.5318,5367110.8651,5892026.00329,156722.977873829,2946916.37807653,3419404.32238237,266044.943765771,3103639.35595036,3103639.35595036,6523043.67833273,6789088.6220985,25102.1953398286,145346.902915282,186576.990699775,67494.097682679,170449.098255111,170449.098255111,357026.088954886,424520.186637565,12386.0873472203,80304.0471849176,106795.526691212,40915.2763995238,92690.1345321379,92690.1345321379,199485.66122335,240400.937622874,9401.48446671433,75718.093923277,65976.0679935223,49637.7115207731,85119.5783899913,85119.5783899913,151095.646383514,200733.357904287
1949,96681.80592,3170407.61624,2238134.3327,534290.74206,3267089.42216,3267089.42216,5505223.75486,6039514.49692,172660.175073485,3013279.05273272,3534651.24406361,267879.188865516,3185939.2278062,3185939.2278062,6720590.47186981,6988469.66073533,26385.3957245777,143913.105658203,183635.008128885,55043.2338528993,170298.501382781,170298.501382781,353933.509511666,408976.743364565,15004.4610116554,82873.4440894534,116934.146669373,45490.8398072394,97877.9051011088,97877.9051011088,214812.051770482,260302.891577722,10448.1985249219,77550.4310020139,68388.0864476474,53208.9887531543,87998.6295269359,87998.6295269359,156386.715974583,209595.704727738
1950,106820.91252,3239990.54648,2319893.55549,545130.0478,3346811.459,3346811.459,5666705.01449,6211835.06229,186755.957753423,3077224.95718847,3657330.66498663,267318.406695564,3263980.91494189,3263980.91494189,6921311.57992852,7188629.98662409,25606.4610181706,143242.721632926,193372.445804298,53015.0556031514,168849.182651096,168849.182651096,362221.628455394,415236.684058546,15873.1763880593,78420.0797237857,116216.028153008,42956.2790644754,94293.2561118451,94293.2561118451,210509.284264853,253465.563329328,11510.6783382323,79296.8171771768,70693.0248812721,53575.8377731033,90807.4955154092,90807.4955154092,161500.520396681,215076.358169785
1951,113967.8442,3320180.63072,2392481.69601,570606.37224,3434148.47492,3434148.47492,5826630.17093,6397236.54317,198937.880016437,3159100.73984576,3781651.05945859,285877.577188508,3358038.61986219,3358038.61986219,7139689.67932078,7425567.25650929,24632.3194465753,162855.386793826,197467.00777169,72022.8518320567,187487.706240401,187487.706240401,384954.714012091,456977.565844148,17584.0797828407,84447.0679825691,125835.765672295,46932.9916561039,102031.14776541,102031.14776541,227866.913437705,274799.905093809,12450.3971835615,80979.6041365386,73146.6132997326,53463.6813391129,93430.0013201002,93430.0013201002,166576.614619833,220040.295958946
1952,117693.99936,3397400.71184,2457459.78954,598970.54091,3515094.7112,3515094.7112,5972554.50074,6571525.04165,207812.740230754,3237809.86642333,3899334.32379431,306459.649444021,3445622.60665408,3445622.60665408,7344956.93044839,7651416.57989241,22137.3855487461,161843.356573513,193316.285524891,77757.5876932142,183980.742122259,183980.742122259,377297.02764715,455054.615340365,18452.250539431,86643.6803891063,129839.947208646,49655.2923302723,105095.930928537,105095.930928537,234935.878137183,284591.170467455,13262.5253344291,83134.2299959409,75633.0211891718,57175.5154377017,96396.7553303701,96396.7553303701,172029.776519542,229205.291957244
1953,121093.3458,3486076.51928,2541950.82407,627097.35252,3607169.86508,3607169.86508,6149120.68915,6776218.04167,216223.293667967,3332355.55748222,4041752.43686769,326282.975650187,3548578.85115019,3548578.85115019,7590331.28801788,7916614.26366807,22264.7361192637,179751.213859506,220404.799549272,81115.25609497,202015.94997877,202015.94997877,422420.749528042,503536.005623012,18886.2779204861,91048.1566774179,136403.675029358,53082.7182957392,109934.434597904,109934.434597904,246338.109627262,299420.827923001,13854.1826820503,85205.5228006139,77986.6864758862,61291.9298888042,99059.7054826642,99059.7054826642,177046.39195855,238338.321847354
1954,121969.30032,3577015.18624,2616685.3881,651940.7248,3698984.48656,3698984.48656,6315669.87466,6967610.59946,222418.96048677,3428643.35704565,4179330.69693368,342485.439674285,3651062.31753242,3651062.31753242,7830393.0144661,8172878.45414038,20610.5530633333,183981.366865597,218413.308803336,81459.0591541352,204591.91992893,204591.91992893,423005.228732266,504464.287886401,19728.2519904167,93280.1482150211,143608.434360255,56674.2401379733,113008.400205438,113008.400205438,256616.834565693,313291.074703666,14414.8862445312,87693.5673021637,80835.0487373539,65256.5951300373,102108.453546695,102108.453546695,182943.502284049,248200.097414086
1955,124240.8888,3676439.5764,2715030.61074,676348.94247,3800680.4652,3800680.4652,6515711.07594,7192060.01841,229006.011988472,3524849.36219904,4333532.08617305,354345.208941514,3753855.37418752,3753855.37418752,8087387.46036056,8441732.66930208,21414.9822008208,186433.46191775,237788.003178042,80356.8572020862,207848.44411857,207848.44411857,445636.447296613,525993.304498699,19222.4959278796,91740.0548427797,143346.859429495,56994.02839947,110962.550770659,110962.550770659,254309.410200155,311303.438599625,14827.930699118,90227.4567643593,83586.6139386735,68497.0879348569,105055.387463477,105055.387463477,188642.001402151,257139.089337008
1956,122593.4514,3794956.84376,2814156.35102,718242.46356,3917550.29516,3917550.29516,6731706.64618,7449949.10974,231525.423530041,3644592.14580154,4493817.50842301,384542.81829534,3876117.56933158,3876117.56933158,8369935.07775458,8754477.89604992,17786.4790074669,212501.977344572,246956.063973421,101066.651142129,230288.456352039,230288.456352039,477244.52032546,578311.171467589,19441.805113327,96917.8158546567,150628.551932386,60451.4123378881,116359.620967984,116359.620967984,266988.17290037,327439.585238258,15267.0674658982,92759.1937420801,86670.6417234609,70869.0417883028,108026.261207978,108026.261207978,194696.902931439,265565.944719742
1957,121556.77128,3909089.8208,2912111.31484,757525.05699,4030646.59208,4030646.59208,6942757.90692,7700282.96391,234146.886562511,3764191.61789502,4661097.22560386,412278.86075958,3998338.50445753,3998338.50445753,8659435.73006139,9071714.59082097,18056.4912678058,215509.791719835,257156.067349318,104644.606123308,233566.282987641,233566.282987641,490722.350336959,595366.956460268,19071.4312998524,102072.797895837,160208.673586114,65954.7330503575,121144.229195689,121144.229195689,281352.902781803,347307.63583216,15435.0282353361,95910.3196263562,89876.3501684601,76908.563659068,111345.347861692,111345.347861692,201221.698030152,278130.26168922
1958,122357.72052,4005402.77912,2985675.10241,773071.94442,4127760.49964,4127760.49964,7113435.60205,7886507.54647,239011.537868367,3866262.5160686,4811851.5709351,416915.153413171,4105274.05393696,4105274.05393696,8917125.62487207,9334040.77828524,20474.4437433566,201128.572328712,243976.289843317,87092.0648055073,221603.016072068,221603.016072068,465579.305915385,552671.370720892,19702.8322440734,105182.623072019,171164.326914179,71646.2794932533,124885.455316092,124885.455316092,296049.782230271,367696.061723524,15609.7924375007,99057.674155132,93221.9445120773,82455.772151916,114667.466592633,114667.466592633,207889.41110471,290345.183256626
1959,123820.32348,4105251.45544,3075434.63101,785889.22566,4229071.77892,4229071.77892,7304506.40993,8090395.63559,244401.213812368,3971997.12111987,4980537.27092949,419830.782738665,4216398.33493224,4216398.33493224,9196935.60586173,9616766.38860039,21323.7784685593,207478.355474135,264922.731413086,86298.6600081277,228802.133942694,228802.133942694,493724.86535578,580023.525363908,19877.2093141017,108057.348213701,175703.488670649,73596.6632505586,127934.557527803,127934.557527803,303638.046198452,377234.709449011,15934.1025245578,101743.750422858,96237.0314187021,83383.0306826343,117677.852947416,117677.852947416,213914.884366118,297297.915048752
1960,122507.73108,4218535.86016,3170852.9125,810693.03843,4341043.59124,4341043.59124,7511896.50374,8322589.54217,245975.193980193,4094168.17312551,5157998.56070477,437276.305003491,4340143.36710571,4340143.36710571,9498141.92781047,9935418.23281396,17867.3944219826,226697.292035109,277072.03519387,101411.678812559,244564.686457092,244564.686457092,521636.721650961,623048.400463521,19160.4295446261,112570.056794346,181179.187267144,76549.9889852606,131730.486338972,131730.486338972,312909.673606116,389459.662591377,16293.4142541579,104526.24002947,99610.7454185897,83966.156547733,120819.654283628,120819.654283628,220430.399702218,304396.556249951
1961,121746.96324,4332385.97976,3264319.89989,832213.41187,4454132.943,4454132.943,7718452.84289,8550666.25476,247802.833595687,4214276.16578867,5334573.19133867,450569.050083098,4462078.99938436,4462078.99938436,9796652.19072303,10247221.2408061,18225.9858808401,227849.260376987,279734.601847999,100748.006080305,246075.246257827,246075.246257827,525809.848105826,626557.854186131,18983.5808175337,114213.778996078,186394.204320658,79246.7410553223,133197.359813612,133197.359813612,319591.56413427,398838.305189592,16398.3462653462,107741.267713829,103159.971214095,87455.2610006982,124139.613979175,124139.613979175,227299.585193271,314754.846193969
1962,122408.61696,4454863.25128,3373397.24008,858599.60504,4577271.86824,4577271.86824,7950669.10832,8809268.71336,250887.233749775,4342989.20006615,5529996.69061321,468664.679082652,4593876.43381592,4593876.43381592,10123873.1244291,10592537.8035118,19604.5890604673,239615.038640339,302114.963101313,108209.439016174,259219.627700806,259219.627700806,561334.590802119,669544.029818293,18945.1293918885,117621.670590495,193246.290617126,81949.6618007413,136566.799982383,136566.799982383,329813.090599509,411762.75240025,16520.1889063791,110902.00436286,106691.463826773,90113.8100166196,127422.193269239,127422.193269239,234113.657096012,324227.467112632
1963,125990.11908,4574936.23456,3485401.52142,888229.67803,4700926.35364,4700926.35364,8186327.87506,9074557.55309,256938.652578806,4469566.90160231,5732802.46080241,490022.611797522,4726505.55418111,4726505.55418111,10459308.0149835,10949330.626781,22777.2344123492,240866.891011582,313405.704001465,115090.868531401,263644.125423931,263644.125423931,577049.829425396,692140.697956797,19214.7502987262,120782.760335131,201561.165803109,85582.6233707557,139997.510633857,139997.510633857,341558.676436967,427141.299807722,16725.8155833183,114289.189475425,110599.933812264,93732.9358165304,131015.005058743,131015.005058743,241614.938871008,335347.874687538
1964,129847.53348,4717496.38432,3619455.42609,930123.19912,4847343.9178,4847343.9178,8466799.34389,9396922.54301,263298.117285583,4615006.17296129,5959810.04403065,522804.017561784,4878304.29024688,4878304.29024688,10838114.3342775,11360918.3518393,23488.708212031,263059.452980099,341663.632444286,130785.928123766,286548.16119213,286548.16119213,628211.793636416,758997.721760182,19663.5040217805,122603.278858048,209076.782358857,89270.0327510447,142266.782879829,142266.782879829,351343.565238686,440613.59798973,17129.2435052537,117620.181621113,114656.049216048,98004.5223595044,134749.425126367,134749.425126367,249405.474342415,347409.99670192
1965,136790.8794,4896969.43,3791754.69512,992666.78443,5033760.3094,5033760.3094,8825515.00452,9818181.78895,273096.266259834,4797161.57367183,6231219.12749798,575279.457043526,5070257.83993166,5070257.83993166,11301476.9674296,11876756.4244732,27351.3567932901,303602.93157794,390605.284347941,157036.242994099,330954.288371231,330954.288371231,721559.572719172,878595.81571327,20470.8983030309,126781.993157324,219888.401414957,94938.2856073072,147252.891460354,147252.891460354,367141.292875311,462079.578482618,17553.2078190389,121447.530867402,119196.200880613,104560.803512357,139000.738686441,139000.738686441,258196.939567054,362757.743079411
1966,145263.79728,5087898.202,3982200.99928,1076256.02906,5233161.99928,5233161.99928,9215362.99856,10291619.02762,284745.6535878,4990910.57122719,6526839.29020037,643798.547706677,5275656.22481499,5275656.22481499,11802495.5150154,12446294.062722,29855.8050786207,319990.091599352,420244.545252351,183574.982071856,349845.896677972,349845.896677972,770090.441930323,953665.424002179,21500.6851931035,132064.411469002,232782.852295459,101627.571221049,153565.096662106,153565.096662106,386347.948957565,487975.520178614,18206.4177506556,126241.094043996,124624.38254996,115055.891408705,144447.511794651,144447.511794651,269071.894344611,384127.785753316
1967,152780.39784,5267795.53384,4153719.75067,1149045.52746,5420575.93168,5420575.93168,9574295.68235,10723341.20981,295909.934161789,5171801.26269823,6809669.46908867,696501.690210082,5467711.19686002,5467711.19686002,12277380.6659487,12973882.3561588,30147.3241465097,312230.443345438,413366.964692304,181462.85204474,342377.767491948,342377.767491948,755744.732184252,937207.584228993,22700.7545594227,136221.818397009,245149.098870553,109820.280500602,158922.572956432,158922.572956432,404071.671826985,513891.952327586,18983.04357252,131339.7518744,130536.785804007,128759.709541335,150322.79544692,150322.79544692,280859.581250927,409619.290792262
1968,156750.32016,5446561.43592,4339092.69017,1217404.36074,5603311.75608,5603311.75608,9942404.44625,11159808.80699,303540.502865364,5348067.82649869,7110896.97935531,739714.202515919,5651608.32936405,5651608.32936405,12762505.3087194,13502219.5112353,27357.8976476939,312366.597029361,437420.899648422,182512.850347854,339724.494677055,339724.494677055,777145.394325478,959658.244673332,23478.186654495,139442.702068862,256654.368019835,115913.42136645,162920.888723357,162920.888723357,419575.256743192,535488.678109641,19727.3289441193,136100.033228901,136193.389381773,139300.338042016,155827.36217302,155827.36217302,292020.751554793,431321.08959681
1969,160752.3876,5639187.35256,4542027.27657,1287543.37197,5799939.74016,5799939.74016,10341967.01673,11629510.3887,311169.177998671,5538837.5723724,7436725.06395152,783500.40587207,5850006.75037107,5850006.75037107,13286731.8143226,14070232.2201947,27864.7086576651,331508.372886833,468046.024183311,191729.043859335,359373.081544498,359373.081544498,827419.105727809,1019148.14958714,23952.7126826511,144398.41183022,270152.119031644,123194.478194619,168351.124512871,168351.124512871,438503.243544516,561697.721739134,20236.0335243576,140738.627013123,142217.939587106,147942.840503184,160974.660537481,160974.660537481,303192.600124587,451135.440627771
1970,165651.83964,5826014.69168,4719595.03967,1346605.7204,5991666.53132,5991666.53132,10711261.57099,12057867.29139,319416.224044527,5722693.96694781,7743181.35568385,813823.620389956,6042110.19099233,6042110.19099233,13785291.5466762,14599115.1670661,28991.6579124332,329615.278058894,455190.793011361,187023.295692299,358606.935971327,358606.935971327,813797.728982688,1000821.02467499,24250.7029515299,148615.062424123,282236.466091175,129355.493000133,172865.765375653,172865.765375653,455102.231466828,584457.724466961,20744.6118665781,145758.883483484,148734.50127903,156700.081174414,166503.495350062,166503.495350062,315237.996629093,471938.077803507
1971,169999.46712,6002659.16296,4890918.66165,1389883.82434,6172658.63008,6172658.63008,11063577.29173,12453461.11607,327436.275504571,5894200.70078836,8046566.17267739,826703.280143316,6221636.97629293,6221636.97629293,14268203.1489703,15094906.4291136,29314.4663963461,322103.943497071,458248.44410722,175644.383831351,351418.409893417,351418.409893417,809666.854000638,985311.237831988,25076.6987077496,151570.532319974,291234.207592908,133407.964408745,176647.231027723,176647.231027723,467881.438620631,601289.403029377,21294.4149363018,150597.209656521,154863.627113677,162764.724077991,171891.624592823,171891.624592823,326755.2517065,489519.975784491
1972,176318.66196,6183829.35328,5087999.36575,1438700.25968,6360148.01524,6360148.01524,11448147.38099,12886847.64067,338516.811908711,6076788.31025877,8381389.22680395,849843.12238953,6415305.12216748,6415305.12216748,14796694.3489714,15646537.471361,32909.6214377783,337698.154228003,495754.37758011,188480.498274877,370607.775665781,370607.775665781,866362.153245891,1054842.65152077,26373.4503478521,157420.107043122,302731.606701137,137868.254138586,183793.557390974,183793.557390974,486525.164092111,624393.418230697,21829.0850336381,155110.544757588,160931.323453548,165340.656028663,176939.629791226,176939.629791226,337870.953244774,503211.609273437
1973,190328.57676,6383950.99208,5327618.28123,1497802.16762,6574279.56884,6574279.56884,11901897.85007,13399700.01769,356665.039915061,6274206.1881506,8759436.98485056,879537.47363826,6630871.22806566,6630871.22806566,15390308.2129162,16269845.6865545,40716.0154669307,357333.359740744,545675.542582684,199662.975726636,398049.375207675,398049.375207675,943724.917790359,1143387.893517,26891.6981943376,164594.042926427,314074.979589929,141943.801925332,191485.741120765,191485.741120765,505560.720710694,647504.522636025,22567.7874605807,159915.481848915,167627.784536079,169968.624477906,182483.269309496,182483.269309496,350111.053845575,520079.678323481
1974,200874.85488,6566676.89832,5520406.13831,1576525.59252,6767551.7532,6767551.7532,12287957.89151,13864483.48403,369096.114991796,6443145.12885001,9075092.8910553,919717.562148544,6812241.2438418,6812241.2438418,15887334.1348971,16807051.6970457,36208.744404406,334049.629861265,490844.645901759,216087.583237935,370258.374265671,370258.374265671,861103.02016743,1077190.60340537,26589.1332542763,165758.615116602,313321.830189291,143182.713616545,192347.748370878,192347.748370878,505669.578560169,648852.292176713,23777.6693276707,165110.689161858,175188.739697011,175907.494727652,188888.358489529,188888.358489529,364077.09818654,539984.592914192
1975,210896.09604,6709661.33424,5643337.66661,1629930.93102,6920557.43028,6920557.43028,12563895.09689,14193826.02791,383561.879326354,6595712.95541098,9355914.90004743,944552.128143329,6979274.83473734,6979274.83473734,16335189.7347848,17279741.8629281,39072.1720006771,322124.277320184,462323.866813232,208778.078424494,361196.449320861,361196.449320861,823520.316134093,1032298.39455859,29420.1946137899,181928.346883673,343068.202590929,156614.47004754,211348.541497463,211348.541497463,554416.744088392,711031.214135932,24606.4076661198,169556.450759211,181501.857821106,183943.512429709,194162.85842533,194162.85842533,375664.716246437,559608.228676145
1976,218774.3292,6849958.62448,5786757.78296,1681041.81794,7068732.95368,7068732.95368,12855490.73664,14536532.55458,396275.511868537,6741317.8526317,9660319.40912754,967335.654147938,7137593.36450024,7137593.36450024,16797912.7736278,17765248.4277757,38284.4244972738,319176.29078417,491522.80708106,211693.951633275,357460.715281443,357460.715281443,848983.522362503,1060677.47399578,30623.207146914,183305.924825435,352672.257388289,161921.884191665,213929.131972349,213929.131972349,566601.389360638,728523.273552303,25570.7919550902,173571.393563447,187118.298000949,188910.425628666,199142.185518537,199142.185518537,386260.483519486,575170.909148152
1977,226810.6092,6999165.92408,5975643.05184,1738363.54793,7225976.53328,7225976.53328,13201619.58512,14939983.13305,409606.076925922,6898295.05049076,10018593.1308406,997118.169638755,7307901.12741668,7307901.12741668,17326494.2582573,18323612.4278961,39748.9325152877,334380.299244101,551480.109895642,223249.646320405,374129.231759389,374129.231759389,925609.341655031,1148858.98797544,31908.9459942498,189813.903489319,368302.341378604,167213.267126882,221722.849483569,221722.849483569,590025.190862174,757238.457989055,26418.3674579025,177403.101385045,193206.388182551,193467.130829588,203821.468842947,203821.468842947,397027.857025498,590494.987855086
1978,235112.08644,7193913.27152,6227945.37897,1809689.34446,7429025.35796,7429025.35796,13656970.73693,15466660.08139,423189.673532127,7098013.49514341,10445758.0800107,1038100.10380485,7521203.16867553,7521203.16867553,17966961.2486862,19005061.3524911,40890.6684012662,381252.524928716,627536.811786887,240405.568093842,422143.193329982,422143.193329982,1049680.00511687,1290085.57321071,32818.6801324983,195339.15717935,385269.959392256,172283.578484844,228157.837311848,228157.837311848,613427.796704104,785711.375188948,27307.0717950615,181534.080276073,200371.862616813,199423.633927751,208841.152071134,208841.152071134,409213.014687947,608636.648615698
1979,244777.05252,7430099.23392,6528444.67037,1881648.09315,7674876.28644,7674876.28644,14203320.95681,16084969.04996,437200.025674334,7341036.05408452,10930875.0984288,1076389.04036051,7778236.07975886,7778236.07975886,18709111.1781876,19785500.2185481,42222.9970443482,429812.387760679,694032.180018258,245908.95731663,472035.384805027,472035.384805027,1166067.56482328,1411976.52213992,33083.1463712507,202444.403921937,404850.077976467,176560.31277789,235527.550293188,235527.550293188,640377.628269655,816937.941047545,28212.6449021418,186789.828819563,208915.161600214,207620.020760969,215002.473721705,215002.473721705,423917.635321919,631537.656082888
1980,243038.53728,7687782.36176,6800845.32673,1954279.35351,7930820.89904,7930820.89904,14731666.22577,16685945.57928,440404.190232091,7600933.13180628,11395443.4259632,1113894.96201777,8041337.32203837,8041337.32203837,19436780.7480016,20550675.7100194,32350.8329360469,453082.237039771,683185.829503058,252783.729729362,485433.069975818,485433.069975818,1168618.89947888,1421402.62920824,33977.5477868953,208157.077753546,424756.695756943,184019.354485626,242134.625540441,242134.625540441,666891.321297384,850910.67578301,29146.6683782889,193185.159318014,218617.501968575,215277.808072102,222331.827696303,222331.827696303,440949.329664878,656227.137736979
1981,240169.58532,7978984.09624,7097246.90052,2031262.15997,8219153.68156,8219153.68156,15316400.58208,17347662.74205,441606.413485984,7907642.96114375,11904568.4045211,1161603.92479314,8349249.37462973,8349249.37462973,20253817.7791508,21415421.703944,30562.5026026991,506734.385437632,737033.847077141,270487.955178921,537296.888040331,537296.888040331,1274330.73511747,1544818.69029639,33429.0364617623,226612.369952997,451936.376870907,195803.560938507,260041.406414759,260041.406414759,711977.783285667,907781.344224173,29360.2793488061,200024.556100165,227908.868519265,222778.992403554,229384.835448971,229384.835448971,457293.703968236,680072.69637179
1982,228656.27484,8249820.09504,7361452.12166,2074500.7044,8478476.36988,8478476.36988,15839928.49154,17914429.19594,433946.081975173,8220269.63380524,12422314.4758131,1177421.28766438,8654215.71578041,8654215.71578041,21076530.1915935,22253951.4792579,21780.0960549212,520722.540060013,755837.439382385,248138.147829874,542502.636114934,542502.636114934,1298340.07549732,1546478.22332719,33015.4382881306,248659.124019935,491512.490127458,205663.95423775,281674.562308065,281674.562308065,773187.052435523,978851.006673273,29440.4275657323,208095.86739852,238091.368090422,232320.784958627,237536.294964252,237536.294964252,475627.663054674,707948.448013301
1983,217065.28032,8453194.5944,7606924.91944,2097484.77971,8670259.87472,8670259.87472,16277184.79416,18374669.57387,425234.843614469,8454945.64727632,12932448.5450495,1175778.26695351,8880180.49089079,8880180.49089079,21812629.0359403,22988407.3028938,20218.5004376409,450998.898571212,758580.358752662,233841.236822003,471217.399008853,471217.399008853,1229797.75776152,1463638.99458352,31651.8766800132,247668.867517198,513647.969987614,211203.408282147,279320.744197211,279320.744197211,792968.714184825,1004172.12246697,28929.7387983449,216322.885100138,248446.289516261,235484.257532877,245252.623898483,245252.623898483,493698.913414744,729183.170947621
1984,208562.89608,8721767.73368,7948011.12812,2153303.24832,8930330.62976,8930330.62976,16878341.75788,19031645.0062,418770.429071918,8745731.87823994,13544651.4724314,1212472.09359821,9164502.30731186,9164502.30731186,22709153.7797433,23921625.8733415,21884.5750317467,513284.800628789,870851.898282952,271849.480035406,535169.375660536,535169.375660536,1406021.27394349,1677870.75397889,30361.3256609962,248755.374424172,533680.949091798,216730.09457412,279116.700085169,279116.700085169,812797.649176966,1029527.74375109,28348.989574298,222498.569665166,258648.970900989,235155.653390702,250847.559239464,250847.559239464,509496.530140454,744652.183531156
1985,197162.09352,9033193.77512,8312122.60718,2219802.78463,9230355.86864,9230355.86864,17542478.47582,19762281.26045,408476.722225107,9082999.25748147,14204147.215165,1260649.48786065,9491475.97970658,9491475.97970658,23695623.1948715,24956272.6827322,17624.3217579831,567418.218142586,930388.772182163,290671.812982077,585042.539900569,585042.539900569,1515431.31208273,1806103.12506481,28875.5714914093,258326.142589406,568636.21722477,225031.365794544,287201.714080816,287201.714080816,855837.931305586,1080869.29710013,27918.0286047945,230150.838901051,270893.029448629,242494.418719643,258068.867505846,258068.867505846,528961.896954474,771456.315674117
1986,185605.92288,9274188.314,8631354.32194,2258096.39031,9459794.23688,9459794.23688,18091148.55882,20349244.94913,396978.42294783,9346623.72456702,14837868.5407497,1278391.36270851,9743602.14751485,9743602.14751485,24581470.6882645,25859862.050973,15733.4822043974,502650.763335054,917804.269888007,269871.772419996,518384.245539451,518384.245539451,1436188.51542746,1706060.28784745,27196.50102164,263911.446476269,600883.41200328,232286.684597191,291107.947497909,291107.947497909,891991.359501189,1124278.04409838,27231.7814816738,239026.296249512,284082.944303299,252129.89757213,266258.077731186,266258.077731186,550341.022034486,802470.919606615
1987,174687.29712,9507828.55944,8927755.89573,2285669.36878,9682515.85656,9682515.85656,18610271.75229,20895941.12107,385410.02561578,9590949.62640989,15455351.6743502,1287104.2582178,9976359.65202567,9976359.65202567,25431711.3263759,26718815.5845937,14896.8308644721,490289.684068321,914240.504415504,264391.16805099,505186.514932793,505186.514932793,1419427.0193483,1683818.18739929,25666.2595487475,259887.748460275,622540.695498066,237568.87564002,285554.008009023,285554.008009023,908094.703507089,1145663.57914711,26465.228196522,245963.782225448,296757.370814994,255678.272541703,272429.01042197,272429.01042197,569186.381236963,824864.653778666
1988,169388.70984,9729588.7924,9234109.06943,2310829.21714,9898977.50224,9898977.50224,19133086.57167,21443915.78881,378896.373517162,9822632.86468168,16095890.8854281,1298189.93797693,10201529.2381988,10201529.2381988,26297420.123627,27595610.0616039,19180.3496091,484076.649493106,949646.24456493,268506.53140269,503256.999102206,503256.999102206,1452903.24366714,1721409.77506982,24363.5167874165,267100.172509196,649421.139838167,243822.113009022,291463.689296613,291463.689296613,940884.82913478,1184706.9421438,25694.0017077187,252393.411221313,309107.033487004,257420.85164356,278087.412929032,278087.412929032,587194.446416035,844615.298059596
1989,167119.80012,9945550.44784,9525047.01974,2360713.75925,10112670.24796,10112670.24796,19637717.2677,21998431.02695,375305.657678805,10055379.7167316,16744674.9366066,1337014.43396286,10430685.3744104,10430685.3744104,27175360.311017,28512374.7449799,21669.0423961208,491237.190594144,970701.868887091,298462.483581314,512906.232990265,512906.232990265,1483608.10187736,1782070.58545867,23893.3761203102,272998.614792547,677531.417772137,249374.275193196,296891.990912858,296891.990912858,974423.408684994,1223797.68387819,25259.7582344774,258490.338544255,321917.817708562,259637.987595386,283750.096778732,283750.096778732,605667.914487295,865305.902082681
1990,165863.46168,10180463.55176,9797447.6761,2412180.68176,10346327.01344,10346327.01344,20143774.68954,22555955.3713,372524.43971704,10303128.3454328,17381749.7892339,1376039.41219621,10675652.7851499,10675652.7851499,28057402.5743837,29433441.9865799,22239.1592168215,512363.884404717,971968.351359343,306427.865025927,534603.043621539,534603.043621539,1506571.39498088,1812999.26000681,23460.4459866287,280041.981984054,703060.93978346,255873.562035043,303502.427970683,303502.427970683,1006563.36775414,1262436.92978919,25020.377178587,264615.255703462,334893.498732133,267402.886792572,289635.632882049,289635.632882049,624529.131614182,891932.018406754
1991,161529.228,10339995.14792,9990040.40377,2455181.86913,10501524.37592,10501524.37592,20491564.77969,22946746.64882,366513.945234258,10483006.038044,17964189.6782182,1410081.73390061,10849519.9832782,10849519.9832782,28813709.6614965,30223791.3953971,18824.4681650207,451012.649069902,930074.884769061,309250.204143636,469837.117234922,469837.117234922,1399912.00200398,1709162.20614762,23070.4350359376,291159.746646176,737239.782788387,266402.743167493,314230.181682113,314230.181682113,1051469.9644705,1317872.70763799,24834.9626478026,271134.956458759,347634.995784677,275207.882439243,295969.919106561,295969.919106561,643604.914891238,918812.797330481
1992,154920.72708,10454976.69728,10173657.17858,2496323.75953,10609897.42436,10609897.42436,20783554.60294,23279878.36247,358257.304414336,10612305.9728784,18539646.2119691,1440478.98188609,10970563.2772927,10970563.2772927,29510209.4892619,30950688.471148,16177.6221956955,405168.514782962,934740.327315255,312413.594765607,421346.136978658,421346.136978658,1356086.46429391,1668500.05905952,22429.0750301792,286410.699528099,744908.707454423,271790.950489472,308839.774558278,308839.774558278,1053748.4820127,1325539.43250217,24434.2630156172,275868.579948526,359283.793564365,282016.346780122,300302.842964143,300302.842964143,659586.636528507,941602.983308629
1993,152839.33056,10580282.5432,10427325.41158,2528406.52214,10733121.87376,10733121.87376,21160447.28534,23688853.80748,354229.505865774,10744214.7576333,19183430.1109304,1460065.82777365,11098444.2634991,11098444.2634991,30281874.3744295,31741940.2022031,19856.0217457273,411179.994567519,1014576.82320061,307682.642264776,431036.016313246,431036.016313246,1445612.83951386,1753295.48177864,21757.0826247392,286968.481424298,761453.652624639,275997.922662176,308725.564049037,308725.564049037,1070179.21667368,1346177.13933585,23883.8202942891,279271.20981259,370792.924239383,288095.796377219,303155.030106879,303155.030106879,673947.954346261,962043.75072348
1994,154082.2752,10693566.94792,10693677.05623,2580941.55142,10847649.22312,10847649.22312,21541326.27935,24122267.83077,353614.692277337,10871825.4993252,19858197.8042833,1499080.54843605,11225440.1916026,11225440.1916026,31083637.9958859,32582718.5443219,23000.4868026143,410353.235313821,1058436.29557155,331027.886217129,433353.722116435,433353.722116435,1491790.01768798,1822817.90390511,21773.3666728588,287489.727032421,783854.846321202,279427.152582218,309263.093705279,309263.093705279,1093117.94002648,1372545.0926087,23615.3003910516,282742.49362193,383668.602218607,292013.16555473,306357.794012982,306357.794012982,690026.396231589,982039.561786319
1995,156908.367,10850411.3984,11006274.37105,2663067.09418,11007319.7654,11007319.7654,22013594.13645,24676661.23063,354966.086228202,11036489.5384576,20593416.0365396,1574260.3403585,11391455.6246858,11391455.6246858,31984871.6612253,33559132.0015838,24925.7067693539,450764.710167204,1132382.18834193,374995.901609656,475690.416936558,475690.416936558,1608072.60527849,1983068.50688815,22133.3238398788,294549.518943816,821211.270863359,293553.380930044,316682.842783695,316682.842783695,1137894.11364705,1431447.4945771,23574.3128184891,286100.671034874,397163.956085666,299816.10968721,309674.983853364,309674.983853364,706838.939939029,1006655.04962624
1996,160088.05512,11038228.73856,11361019.63843,2767781.11715,11198316.79368,11198316.79368,22559336.43211,25327117.54926,357207.610273036,11229836.0478195,21385418.5795052,1670660.35531873,11587043.6580925,11587043.6580925,32972462.2375977,34643122.5929165,25905.9297933811,483780.444584476,1203870.86369645,411252.083031935,509686.374377857,509686.374377857,1713557.23807431,2124809.32110624,22751.0436861621,298393.995236116,852601.253388647,307394.920908592,321145.038922278,321145.038922278,1173746.29231093,1481141.21321952,23664.4057485468,290433.935222567,411868.320730791,314852.068071699,314098.340971114,314098.340971114,725966.661701905,1040818.7297736
1997,167607.33444,11252776.1068,11788157.91692,2869805.09344,11420383.44124,11420383.44124,23208541.35816,26078346.4516,364519.45146437,11449048.0335936,22270478.0782666,1761789.03936027,11813567.485058,11813567.485058,34084045.5633246,35845834.6026848,31125.6818762027,514733.987032535,1312767.87035148,425260.755105287,545859.668908737,545859.668908737,1858627.53926022,2283888.29436551,23630.1379656028,304530.983708677,889609.479944321,323814.805264206,328161.12167428,328161.12167428,1217770.6016186,1541585.40688281,23813.8406848691,295522.001258407,427708.371590104,334132.071063746,319335.841943276,319335.841943276,747044.213533381,1081176.28459713
1998,173492.57016,11487406.35328,12289835.63003,2970840.08198,11660898.92344,11660898.92344,23950734.55347,26921574.63545,370564.361973803,11692575.489909,23257161.115403,1846436.73936204,12063139.8518828,12063139.8518828,35320300.9672859,37166737.7066479,30346.207273725,544818.194041564,1432092.59870177,437005.507873826,575164.401315289,575164.401315289,2007257.00001706,2444262.50789089,24500.8538828203,314498.62120407,936061.46029122,337215.030535993,338999.47508689,338999.47508689,1275060.93537811,1612275.9659141,24301.2967642913,301290.737726147,445409.561565332,352357.807872054,325592.034490438,325592.034490438,771001.596055771,1123359.40392782
1999,172056.7548,11715106.59248,12872101.78947,3052886.50572,11887163.34728,11887163.34728,24759265.13675,27812151.64247,369423.713189601,11928778.5501342,24366465.0893074,1909067.2832005,12298202.2633238,12298202.2633238,36664667.3526312,38573734.6358317,23563.6420140514,543902.415222792,1574447.19621239,431917.891710866,567466.057236843,567466.057236843,2141913.25344923,2573831.1451601,24891.4594507614,317415.99587463,996860.823738798,350995.837655672,342307.455325391,342307.455325391,1339168.27906419,1690164.11671986,24704.2907982536,307699.354997606,465143.222308061,369287.347872409,332403.645795859,332403.645795859,797546.86810392,1166834.21597633
2000,172051.39728,11981134.0148,13497686.67793,3140550.37988,12153185.41208,12153185.41208,25650872.09001,28791422.46989,369627.989799317,12197756.4409502,25567070.7088101,1980384.15783232,12567384.4307495,12567384.4307495,38134455.1395596,40114839.297392,24832.5241556893,582893.11581955,1687934.92128889,453130.331271918,607725.639975239,607725.639975239,2295660.56126413,2748790.89253604,24837.9520298217,321954.566077155,1068845.22308226,366100.293969592,346792.518106977,346792.518106977,1415637.74118924,1781738.03515883,24628.2475459734,313915.225003532,487329.301786147,381813.4566401,338543.472549505,338543.472549505,825872.774335652,1207686.23097575
2001,173061.2898,12216329.97616,13952923.59146,3211124.54572,12389391.26596,12389391.26596,26342314.85742,29553439.40314,370799.664933767,12455881.8583996,26648356.2819668,2031606.0018267,12826681.5233334,12826681.5233334,39475037.8053001,41506643.8071268,25813.5411210712,579119.008000697,1592626.98733287,447298.675560846,604932.549121768,604932.549121768,2197559.53645464,2644858.21201549,24804.5078055995,334510.007533819,1120512.04739448,377068.308039926,359314.515339419,359314.515339419,1479826.5627339,1856894.87077383,24641.8659866211,320993.590551321,511341.414176202,396076.831566464,345635.456537943,345635.456537943,856976.870714145,1253053.70228061
2002,176674.93704,12351960.11864,14263569.61218,3228847.2062,12528635.05568,12528635.05568,26792204.66786,30021051.87406,374676.017733063,12604657.2469108,27568722.8023989,2021785.53554108,12979333.2646439,12979333.2646439,40548056.0670428,42569841.6025839,28596.3304615467,476561.75320596,1453333.64607151,396500.734079722,505158.083667507,505158.083667507,1958491.72973901,2354992.46381873,25004.02683927,344087.970274225,1145696.96268657,378773.247785346,369091.997113495,369091.997113495,1514788.95980007,1893562.20758542,24719.9776622511,327786.364694726,532967.125639336,406321.20036534,352506.342356977,352506.342356977,885473.467996313,1291794.66836165
2003,181226.15028,12465951.66696,14578118.2211,3230310.90807,12647177.81724,12647177.81724,27225296.03834,30455606.94641,379586.836462893,12734029.6705822,28492560.8319694,1993473.00144684,13113616.5070451,13113616.5070451,41606177.3390146,43599650.3404614,29889.2199120342,461073.930169065,1475212.48561846,376044.573013972,490963.150081099,490963.150081099,1966175.63569956,2342220.20871353,25376.8024286981,349390.859481483,1163982.34962605,374581.72487895,374767.661910181,374767.661910181,1538750.01153623,1913331.73641518,24978.4011822042,331701.506497653,551374.456047979,404357.107108217,356679.907679858,356679.907679858,908054.363727837,1312411.47083605
2004,187807.8636,12565234.6284,14911399.25338,3238183.25056,12753042.492,12753042.492,27664441.74538,30902624.99594,386550.8803362,12848984.1776354,29407549.2364029,1969758.66580313,13235535.0579716,13235535.0579716,42643084.2943745,44612842.9601776,32269.8329708331,450060.551015813,1484839.62107286,374980.264645659,482330.383986646,482330.383986646,1967170.00505951,2342150.26970517,25823.9112088188,345323.933330519,1148170.25411838,366087.294284762,371147.844539337,371147.844539337,1519318.09865772,1885405.39294248,25305.7890975262,335106.043962691,569851.216639389,398694.600289368,360411.833060217,360411.833060217,930263.049699605,1328957.64998897
2005,193101.09336,12657304.72512,15267120.16781,3268208.91865,12850405.81848,12850405.81848,28117525.98629,31385734.90494,392942.45353731,12977710.3994016,30352114.3920342,1974540.55122343,13370652.8529389,13370652.8529389,43722767.2449731,45697307.7961965,32161.6318901903,466857.384335565,1532716.14035933,398733.618580923,499019.016225755,499019.016225755,2031735.15658508,2430468.77516601,26925.5037175991,357133.494347181,1160309.11507876,364569.071060728,384058.99806478,384058.99806478,1544368.11314354,1908937.18420427,25770.05868908,338131.162569352,588150.984728058,393951.733160626,363901.221258432,363901.221258432,952052.20598649,1346003.93914712
2006,195616.449,12805522.02368,15712990.86966,3314018.83123,13001138.47268,13001138.47268,28714129.34234,32028148.17357,396568.949650931,13155762.4220125,31366637.3641245,1992881.76543811,13552331.3716634,13552331.3716634,44918968.7357879,46911850.501226,29822.6596827755,519570.717332018,1621565.25993097,413249.324459364,549393.377014794,549393.377014794,2170958.63694576,2584207.96140512,27343.2079110548,376696.789976666,1188693.49823756,368377.331433358,404039.997887721,404039.997887721,1592733.49612528,1961110.82755864,26196.163569154,341518.694721094,607042.287840684,394908.110244685,367714.858290248,367714.858290248,974757.146130932,1369665.25637562
2007,198589.8726,13017523.67496,16176032.95959,3397647.63537,13216113.54756,13216113.54756,29392146.50715,32789794.14252,400706.506162936,13406219.1997777,32433311.4745597,2052784.6664059,13806925.7059407,13806925.7059407,46240237.1805004,48293021.8469063,30575.4864887331,596661.052028728,1694006.85771775,458479.254055414,627236.538517461,627236.538517461,2321243.39623521,2779722.65029063,27645.5290201998,389051.36517414,1236517.86131467,376218.923179009,416696.89419434,416696.89419434,1653214.75550901,2029433.67868802,26437.9299767288,346204.274263487,627332.747282489,398576.353087621,372642.204240216,372642.204240216,999974.951522705,1398551.30461033
2008,203907.2112,13251729.63528,16571755.40307,3475777.66762,13455636.84648,13455636.84648,30027392.24955,33503169.91717,407160.22762977,13685538.1757507,33437573.76198,2106007.61737359,14092698.4033805,14092698.4033805,47530272.1653604,49636279.782734,33167.4885443631,632114.218072371,1652928.51691144,463779.88424887,665281.706616735,665281.706616735,2318210.22352818,2781990.10777705,27974.4984363374,397130.140991971,1256890.53425331,385548.797680648,425104.639428309,425104.639428309,1681995.17368162,2067543.97136227,26713.7670775291,352795.242099414,648666.229491194,410556.93328118,379509.009176943,379509.009176943,1028175.23866814,1438732.17194932
2009,207389.5992,13363458.32408,16693711.28432,3480801.72539,13570847.92328,13570847.92328,30264559.2076,33745360.93299,412439.564770796,13854507.4561116,34209760.8908376,2087988.89660252,14266947.0208824,14266947.0208824,48476707.9117199,50564696.8083224,32423.3523163443,529115.021828,1440938.60409719,403182.802703646,561538.374144344,561538.374144344,2002476.97824153,2405659.78094518,28954.5380714307,415036.41317925,1317497.01688297,398379.666779399,443990.951250681,443990.951250681,1761487.96813365,2159867.63491304,27144.015175318,360145.741467124,668751.475239599,421201.523474718,387289.756642442,387289.756642442,1056041.23188204,1477242.75535676
2010,211388.98788,13393724.07016,16871083.91801,3490019.09122,13605113.05804,13605113.05804,30476196.97605,33966216.06727,418177.92687653,13924139.4844906,35005610.6351812,2076434.2027146,14342317.4113671,14342317.4113671,49347928.0465483,51424362.2492629,33234.333090453,434224.329855644,1480044.96216041,406043.085432583,467458.662946097,467458.662946097,1947503.62510651,2353546.71053909,29276.6584294399,404082.458052574,1304693.51098869,396868.786865555,433359.116482014,433359.116482014,1738052.62747071,2134921.41433626,27495.9709847197,364592.30147662,684195.217816751,417597.779320504,392088.27246134,392088.27246134,1076283.49027809,1493881.26959859
2011,219052.92024,13437284.11592,17125922.92747,3529618.16073,13656337.03616,13656337.03616,30782259.96363,34311878.12436,427989.148576341,14003575.505501,35876801.8956999,2099726.96250526,14431564.6540774,14431564.6540774,50308366.5497773,52408093.5122825,37689.7501582468,445860.744286505,1571303.47322229,438579.600333581,483550.494444752,483550.494444752,2054853.96766704,2493433.56800062,30113.1934683047,403283.11930339,1320134.52889093,399415.840636795,433396.312771695,433396.312771695,1753530.84166262,2152946.68229941,27878.5284584353,366424.723276068,700112.212703624,415286.84054292,394303.251734504,394303.251734504,1094415.46443813,1509702.30498105
2012,235449.6102,13523131.34896,17456472.14801,3583972.92747,13758580.95916,13758580.95916,31215053.10717,34799026.03464,447924.03227185,14150273.7692233,36873280.3235307,2144752.27194388,14598197.8014952,14598197.8014952,51471478.1250259,53616230.3969698,48467.4936005984,515213.408603908,1714014.4657448,464970.701939672,563680.902204506,563680.902204506,2277695.36794931,2742666.06988898,32135.7167191036,417697.238653458,1371590.89591934,409588.481289911,449832.955372561,449832.955372561,1821423.8512919,2231012.33258181,28532.6099050894,368515.144881606,717536.037913998,419945.392501052,397047.754786696,397047.754786696,1114583.79270069,1534529.18520175
2013,256684.14072,13623262.88272,17805558.6625,3660006.30569,13879947.02344,13879947.02344,31685505.68594,35345511.99163,473874.452088928,14290539.0077043,37885778.1206504,2204571.72460963,14764413.4597933,14764413.4597933,52650191.5804437,54854763.3050533,55812.0219685349,512640.863986869,1749963.40359035,488769.907054529,568452.885955404,568452.885955404,2318416.28954575,2807186.19660028,34758.2084980748,414934.127138357,1405052.04550938,413745.673393346,449692.335636432,449692.335636432,1854744.38114581,2268490.05453916,29861.6021514567,372375.625505877,737465.606470614,428950.454388776,402237.227657334,402237.227657334,1139702.83412795,1568653.28851672
2014,277677.58284,13776147.32904,18246941.38792,3735881.44587,14053824.91188,14053824.91188,32300766.2998,36036647.74567,501172.622401975,14493860.7291175,39017353.4419769,2264516.92352123,14995033.3515195,14995033.3515195,54012386.7934964,56276903.7170176,58889.8004523082,579388.537405439,1889290.88373945,500859.543833525,638278.337857747,638278.337857747,2527569.2215972,3028428.76543072,37978.7098049731,428663.45681257,1452362.3438607,425594.497040485,466642.166617543,466642.166617543,1919004.51047824,2344599.00751873,31591.6301392619,376066.815992219,757715.562413008,440914.344921926,407658.446131481,407658.446131481,1165374.00854449,1606288.35346642
2015,279673.25904,13916586.048,18686763.07806,3814169.71616,14196259.30704,14196259.30704,32883022.3851,36697192.10126,509511.81176676,14692671.71726,40200092.9580464,2330403.22575195,15202183.5290268,15202183.5290268,55402276.4870732,57732679.7128252,41750.6975249166,580228.375750854,1963086.58490909,518789.686934969,621979.07327577,621979.07327577,2585065.65818486,3103855.34511983,39758.9453318231,440002.645701372,1522082.74922191,440113.698211757,479761.591033195,479761.591033195,2001844.3402551,2441958.03846686,33411.5081601316,381417.387608357,780347.068839537,452903.384704246,414828.895768488,414828.895768488,1195175.96460803,1648079.34931227
2016,272486.14596,14032699.02712,19094193.28614,3889847.05879,14305185.17308,14305185.17308,33399378.45922,37289225.51801,507699.586972727,14853245.4027623,41359290.4608018,2384039.42306803,15360944.9897351,15360944.9897351,56720235.4505369,59104274.8736049,32155.2293237516,547222.941219672,1963199.36191631,519716.842466464,579378.170543423,579378.170543423,2542577.53245974,3062294.3749262,39310.3522689747,431615.936617986,1557888.59829714,444888.638327823,470926.28888696,470926.28888696,2028814.8871841,2473703.52551193,33967.454117784,386649.25571737,804001.859160928,466080.645150391,420616.709835154,420616.709835154,1224618.56899608,1690699.21414647
2017,267876,14142872,19512941,3955951,14410748,14410748,33923689,37879640,507783.947841212,15023059.5237423,42578086.6515858,2428391.53845442,15530843.4715835,15530843.4715835,58108930.1231693,60537321.6616237,33931,560689,2045982,521160,594620,594620,2640602,3161762,38525,432796,1608153,453126,471321,471321,2079474,2532600,33846.6391315151,390874.879020062,827185.809216036,476807.884613605,424721.518151577,424721.518151577,1251907.32736761,1728715.21198122
2018,263873.93256,14304949.31312,20021838.50128,4033764.55617,14568823.24568,14568823.24568,34590661.74696,38624426.30313,507572.733240033,15211933.8989533,43887998.2825041,2481951.74826278,15719506.6321934,15719506.6321934,59607504.9146975,62089456.6629602,33641.0485882352,584218.046888478,2161473.36395004,539238.517499239,617859.095476713,617859.095476713,2779332.45942675,3318570.97692599,37620.065770241,419878.036642249,1651254.57741456,461655.93641878,457498.10241249,457498.10241249,2108752.67982705,2570408.61624583,33852.2631894141,395343.671677429,851561.733031715,485678.307690884,429195.934866843,429195.934866843,1280757.66789856,1766435.97558944
2019,263415.8646,14482018.07056,20530540.87315,4111934.14793,14745433.93516,14745433.93516,35275974.80831,39387908.95624,510928.998905456,15410971.1540424,45222851.7879173,2532997.91547604,15921900.1529479,15921900.1529479,61144751.9408651,63677749.8563412,37194.4478814247,599351.305061524,2212613.47106327,547436.516865816,636545.752942948,636545.752942948,2849159.22400622,3396595.74087204,37663.956677749,425630.686045655,1710441.16844596,470125.727981773,463294.642723404,463294.642723404,2173735.81116936,2643861.53915114,33838.1822160022,400314.049972456,877759.965650082,496390.349652555,434152.232188458,434152.232188458,1311912.19783854,1808302.5474911
2020,262963.15416,14594312.47424,20844308.96443,4164825.2128,14857275.6284,14857275.6284,35701584.59283,39866409.80563,513797.156754701,15549326.0061619,46408872.9863045,2553332.5348232,16063123.1629166,16063123.1629166,62471996.1492211,65025328.6840443,36930.0911096085,543906.724594271,2090478.23414557,526934.20244237,580836.81570388,580836.81570388,2671315.04984945,3198249.25229182,37387.2777258108,431212.728423267,1778258.87516989,475049.818726418,468600.006149078,468600.006149078,2246858.88131896,2721908.70004538,34061.9332603637,405551.8724748,904457.035758345,506599.583095207,439613.805735164,439613.805735164,1344070.84149351,1850670.42458872
2021,267653.66292,14674219.70104,21194175.99656,4220248.08631,14941873.36396,14941873.36396,36136049.36052,40356297.44683,519881.042982731,15622290.4320051,47539205.9874425,2565137.33161995,16142171.4749878,16142171.4749878,63681377.4624303,66246514.7940503,40337.0300116768,482157.215479042,2058510.46086408,522471.303761392,522494.245490719,522494.245490719,2581004.7063548,3103476.0101162,35889.5460158574,387200.540808558,1703346.01564278,464314.645868601,423090.086824415,423090.086824415,2126436.10246719,2590750.74833579,34253.1437836467,409192.789635839,928177.45972609,510666.50696464,443445.933419486,443445.933419486,1371623.39314558,1882289.90011022
2022,271778.95332,14787928.39192,21598484.13408,4291534.32333,15059707.34524,15059707.34524,36658191.47932,40949725.80265,526219.444801301,15728063.7862801,48706446.1753095,2582541.20362016,16254283.2310814,16254283.2310814,64960729.4063909,67543270.6100111,40997.1380174187,516886.260380458,2118024.30761586,530431.338324201,557883.398397876,557883.398397876,2675907.70601373,3206339.04433793,36999.7324839477,399197.202996535,1719961.3079989,460091.795277174,436196.935480483,436196.935480483,2156158.24347939,2616250.03875656,34658.7361988487,411112.906105397,950784.11974885,513027.46632399,445771.642304246,445771.642304246,1396555.7620531,1909583.22837709
2023,272188.8036,14996252.89648,22124748.15285,4359299.76396,15268441.70008,15268441.70008,37393189.85293,41752489.61689,529865.173466896,15946890.7218081,50092192.6287509,2609724.56668704,16476755.895275,16476755.895275,66568948.5240259,69178673.0907129,38727.0249856818,632723.350956374,2359875.37694761,543691.603790906,671450.375942056,671450.375942056,3031325.75288966,3575017.35668057,38315.5613095995,424003.241222538,1836037.31875207,477017.007570519,462318.802532138,462318.802532138,2298356.1212842,2775373.12885472,35081.2963200867,413896.415428425,974128.92350619,516508.240724033,448977.711748512,448977.711748512,1423106.6352547,1939614.87597873
2024,273710.33928,15197647.39376,22639889.79525,4426669.60949,15471357.73304,15471357.73304,38111247.52829,42537917.13778,534637.554739468,16163212.8283686,51536711.2551495,2644487.67598281,16697850.383108,16697850.383108,68234561.6382576,70879049.3142404,40096.7261703656,635977.125555407,2446362.47897366,556708.022633182,676073.851725773,676073.851725773,3122436.33069943,3679144.35333261,38592.2193994169,429936.38974815,1927666.95292115,489250.629975115,468528.609147567,468528.609147567,2396195.56206872,2885446.19204383,35324.344897793,419655.01899495,1001843.85257502,521944.913337407,454979.363892743,454979.363892743,1456823.21646776,1978768.12980517
