"year","KNC_NF_corp","KNR_NF_corp","KGC_NF_corp","KGR_NF_corp","IG_cc_NF_corp","IG_R_NF_corp","pK_NF_corp","z_NF_corp","rho_NF_corp","KNC_gov_trans","KNR_gov_trans","KGC_gov_trans","KGR_gov_trans","IG_cc_gov_trans","IG_R_gov_trans","pK_gov_trans","z_gov_trans","rho_gov_trans","KGC_productive","KNC_productive","KNR_productive","KGR_productive","IG_productive","pK_productive","GVA_NF","CCA_NF","NVA_NF","EC_NF","NOS_NF","TPI_NF","GOS_NF","ProfSh","WageSh","Py_fred","KGC_NF_IPP","KNC_NF_IPP","KNR_NF_IPP","pK_NF_IPP","z_NF_IPP","KGC_fin_corp","KNC_fin_corp","KNR_fin_corp","pK_fin_corp","z_fin_corp","KGC_total","R_NVA_KGC","k_Py","k_pK","y_t","y_GVA","y_GOS","y_NOS"
1929,102600,1891178.93316,37550.5906607121,692152.884846524,7769,143202.428184406,5.4251873369044,0.0877231614031146,0.0215501153535916,18080,625814.7871,6143.31832420606,106321.334323854,1428,24714.1459064934,5.77806736839249,0.0269971900356502,0.00717137665999204,37550.5906607121,102600,1891178.93316,692152.884846524,7769,5.4251873369044,50825,5016,45809,32147,10709,2953,15725,0.233775022375516,0.701761662555393,8.778,1966.26944924783,2451,23456.64374,10.4490652079964,0.16936290066886,1817.78600424658,3416,42584.98002,8.02160761469344,0.0978825692849896,39516.8601099599,1.21992754824835,12.9663659817696,13.4475621420571,13.1651574520697,13.2690652332186,12.0959286762907,11.7117613831229
1930,97578,1924280.47548,40798.7522910525,804569.087884741,6446,127117.915359447,5.07088240219554,0.119583572566569,0.0212405563035237,18086,673215.6537,7304.17904842333,135941.824417399,1634,30411.2124888256,5.37301825963171,0.0484161512870703,0.0074370999979328,40798.7522910525,97578,1924280.47548,804569.087884741,6446,5.07088240219554,45259,4872,40387,28791,8605,2991,13477,0.213063609577339,0.712877906256964,8.457,2194.67134561162,2510,25413.9949,9.87644803533033,0.214530840299636,2013.13877205162,3385,44136.79172,7.66933859052137,0.105328059496674,42993.4236366641,0.989907723449111,13.086582464011,13.5980621185263,13.076438915176,13.1903325095667,11.9789154929572,11.5302743938336
1931,87862,1918200.60036,40223.4511504233,878157.202718959,4175,91148.4772313742,4.58043856223955,0.157600675883979,0.0218257980098687,17270,723259.6913,7930.35661333534,166059.851651993,1488,31158.3792893573,4.77560140783142,0.0716638601358729,0.00765292108754719,40223.4511504233,87862,1918200.60036,878157.202718959,4175,4.58043856223955,35431,4560,30871,23522,4553,2796,9113,0.14748469437336,0.761944867351236,7.587,2278.77724061098,2484,26834.653,9.2566876120962,0.223592482571689,1870.57617695799,2885,44479.82378,6.48608684753202,0.246615960704376,42502.2283910343,0.767487600319325,13.1809393961007,13.6855809029673,12.9163064405136,13.0540763517617,11.6961911741283,11.0022755649669
1932,82123,1890165.62064,39819.2302004044,916490.385947353,2552,58737.5359384494,4.34475154469234,0.099482787637869,0.0232354214562935,14142,765198.0045,7152.46402373709,193503.436509039,1063,28758.5022904646,3.69629819127423,0.156767632387913,0.0079183343856867,39819.2302004044,82123,1890165.62064,916490.385947353,2552,4.34475154469234,25721,4076,21645,17432,1319,2894,5395,0.0609378609378609,0.805359205359205,6.7,2225.317191796,2386,27844.89876,8.56889450583156,0.234840491100044,1812.31643396652,2624,44055.11742,5.95617524970837,0.149473657103446,42044.5473922004,0.543581578324439,13.2951679050387,13.7283068562422,12.6855924194673,12.8581257174357,11.2962905372834,9.88769181230849
1933,82685,1859597.35962,42105.4840902302,946958.300050964,2380,53526.5370489883,4.44639263291363,0.021631478751722,0.0251596997621995,18084,789206.80775,9726.90747403765,212246.781598785,932,20336.7823717927,4.5828291956976,-0.0858339296040215,0.00823467174947188,42105.4840902302,82685,1859597.35962,946958.300050964,2380,4.44639263291363,24976,3860,21116,16597,1114,3405,4974,0.0527562038264823,0.785991665088085,6.514,2182.69938179933,2374,29012.99542,8.18254015358749,0.193116280491416,2056.41430919736,2843,43254.70928,6.57269473618804,-0.038679263615557,44288.1834720295,0.501502368545374,13.3791497537469,13.7610103374616,12.6890028050776,12.8568871218893,11.2431961034974,9.74692889962128
1934,83912,1840682.19258,44958.4354985846,986202.112075761,2956,64842.4130191925,4.55874459688146,0.020395333481987,0.0270324479895445,21846,813964.50945,12398.5759431337,230980.517839224,1104,20567.0790632793,5.36780160470669,-0.0627433492852014,0.0086377885640038,44958.4354985846,83912,1840682.19258,986202.112075761,2956,4.55874459688146,31484,3944,27540,19585,3938,4017,7882,0.142992011619463,0.711147421931736,6.871,2306.56070560556,2582,30875.63604,8.36258076321073,0.120763231512379,2151.69922016824,2842,42764.66348,6.64567371453568,0.0452242049022964,47264.9962041902,0.612565799823417,13.3913542162719,13.8016165944001,12.9012553022218,13.0350952892015,11.6501974876941,10.9562887891382
1935,83436,1829704.64028,47115.4706402907,1033215.82122245,3428,75174.1155721732,4.5600802535666,0.046511303634066,0.0285543967921706,21494,836607.67435,12738.9591944735,247918.280109055,977,19013.8107806818,5.13837026816655,0.0317756260377863,0.00898798102226011,47115.4706402907,83436,1829704.64028,1033215.82122245,3428,4.5600802535666,34931,4020,30911,21537,5298,4076,9318,0.171395296172883,0.69674226003688,7.012,2429.93522912684,2799,33148.689,8.44377284422922,0.132716110267251,2270.73374554255,2872,42503.30572,6.75712147878553,0.0401431273952984,49545.4058694176,0.656069006208048,13.4179039087017,13.8481866529229,12.9964146055216,13.1186771850061,11.7972505113058,11.2326318887611
1936,91866,1837642.25502,54534.9422243367,1090890.14658868,4422,88455.5118509398,4.99912318347295,-0.0438180336995967,0.0297916329313357,24603,879867.57305,15303.4580709986,273645.825960289,1568,28037.8887644271,5.59243248724701,-0.0329366970095832,0.00931896959020707,54534.9422243367,91866,1837642.25502,1090890.14658868,4422,4.99912318347295,40184,4080,36104,24641,7181,4282,11261,0.198897629071571,0.68250055395524,7.097,2652.32566277714,3134,35895.29466,8.73094936170667,0.106765429847753,2516.75719408897,3061,42617.64974,7.18247021756109,-0.00425840349481124,57187.2678871139,0.662034257806333,13.552094943384,13.9025045691761,13.1396569679521,13.2467222118751,11.9745987341423,11.5246919545556
1937,95067,1861792.87008,59714.1396997445,1169442.1780002,5723,112079.276672955,5.10620711507586,0.0268773029959792,0.030733841868747,23979,916651.7028,15587.4795579511,297933.393368282,1407,26892.8843120981,5.23186722432389,0.0441200399721408,0.00952076244891641,59714.1396997445,95067,1861792.87008,1169442.1780002,5723,5.10620711507586,45751,4556,41195,28781,7885,4529,12441,0.191406724117004,0.698652749120039,7.402,2871.37520253723,3447,38673.4705,8.91308681490067,0.12221122518938,2827.33132354462,3314,43107.69554,7.68772247851874,-0.0106826955483236,62585.5149022817,0.689870107936534,13.6007440692531,13.9720374221425,13.2294921207738,13.3343888804124,12.0321727009386,11.5761374514213
1938,93989,1863481.72428,61606.9520450536,1221456.0131989,4467,88565.3944861501,5.04373070985254,0.0590497817264569,0.0312555507019206,24336,962422.61395,16537.5499193564,327007.561261416,1617,31973.9761414602,5.05723777626537,0.0271802108997677,0.0097330756231889,61606.9520450536,93989,1863481.72428,1221456.0131989,4467,5.04373070985254,40242,4632,35610,25513,5613,4484,10245,0.157624262847515,0.716456051670879,7.19,3050.56390550158,3710,41735.77796,8.8892556490877,0.14282457780956,2878.01435821639,3261,42764.66348,7.62545460348376,0.066014477015968,64657.5159505552,0.57801918156831,13.661009015283,14.0155541585517,13.112860790527,13.2351455195829,11.8670240749281,11.2653196291973
1939,94830,1868717.1723,64808.8873985036,1277122.01623158,4824,95061.6011723632,5.07460419402494,0.0421194793862446,0.0322529814532676,24799,1012158.2816,17494.5753446178,357015.994962098,1629,33243.393699875,4.90022172437264,0.0247239012351852,0.00989261528606289,64808.8873985036,94830,1868717.1723,1277122.01623158,4824,5.07460419402494,44443,4636,39807,28023,7132,4652,11768,0.179164468560806,0.703971663275303,7.12,3228.78524904565,3970,44545.52398,8.91223100615552,0.137380771824996,2832.94489313489,3103,42601.31488,7.28381273850485,0.107226624866101,68037.6726475492,0.614221314358177,13.7214604847117,14.0601196795743,13.2340605157688,13.34422520879,12.0154017228455,11.5146094395472
1940,100547,1888983.4227,71706.4121389663,1347153.30971388,5979,112327.885310584,5.32281007825279,0.00263400590545585,0.033118677221688,25227,1054272.8062,18404.9407114533,384584.542193057,1491,31155.5229326555,4.78566834914915,0.0219453359319109,0.010047100836693,71706.4121389663,100547,1888983.4227,1347153.30971388,5979,5.32281007825279,51078,4844,46234,31010,10197,5027,15041,0.220551974737206,0.67071851883895,7.205,3485.19750488814,4336,47292.12964,9.16854460352443,0.110915879711597,3329.36856199281,3556,43026.02124,8.26476605904265,-0.0644721700815006,75191.6096438544,0.644768000808616,13.8107304092368,14.1135042645907,13.3718656936781,13.4715041116487,12.2489300411918,11.8602437949008
1941,112617,1920733.88166,83664.1480143753,1426929.89310164,7339,125169.965080785,5.86322764831276,-0.0427157508538014,0.0336957801058744,29516,1077664.86955,22063.2881945282,402778.672482725,1212,22125.7931612447,5.4777697286031,-0.0532807979148673,0.0102231432630036,83664.1480143753,112617,1920733.88166,1426929.89310164,7339,5.86322764831276,66680,5364,61316,39642,15756,5918,21120,0.256963924587383,0.646519668601996,7.692,4125.26633655047,5140,52248.6479,9.8375751461312,0.0700713792189846,4073.63148545899,4279,44120.45686,9.6984489838304,-0.100171184412654,87789.4143509258,0.732882620037732,13.8995551838404,14.1710357663815,13.5887854575476,13.6726496951263,12.5229650960818,12.2299658823524
1942,120147,1918369.48578,92303.4839863076,1473796.15895957,5984,95545.6482717631,6.2629749321283,-0.0128517307644599,0.0341147681110155,37847,1079206.7193,28771.6349421668,410211.400571156,817,11648.3722576175,7.01385551501171,-0.0994101318624366,0.0104664036534049,92303.4839863076,120147,1918369.48578,1473796.15895957,5984,6.2629749321283,84033,6124,77909,50790,20842,6277,26966,0.267517231642044,0.651914412968977,8.304,4862.46743414063,6043,55973.92914,10.7960975633593,0.0519428486581313,4035.07842888633,4124,43026.02124,9.58489742055452,0.0730686375093321,97165.9514204482,0.844052647152053,13.9212700256737,14.2033520510961,13.7517296174843,13.8273977173847,12.6907649517586,12.4331583201169
1943,121044,1903338.6834,95657.4030573604,1504150.8508696,5216,82018.229508397,6.35956180871472,0.0354016703446049,0.035054737579748,41756,1070924.7835,32141.1334011593,412165.1538591,497,6373.33098715753,7.79812002548543,-0.0405428679109393,0.0107739026586291,95657.4030573604,121044,1903338.6834,1504150.8508696,5216,6.35956180871472,99680,6304,93376,61991,24744,6641,31048,0.264993145990404,0.663885795065113,8.683,5460.54715873585,6834,57678.71886,11.8483907671177,0.0529251324743853,4236.93494874253,4236,41572.2187,10.1894970546761,-0.00091238062870733,101117.950216096,0.976150271861422,13.9123314641417,14.2237390782426,13.888192726792,13.9535234289309,12.7870927679583,12.5601414092745
1944,122510,1906209.73554,99818.751722149,1553142.40733173,6646,103409.271915753,6.42688984931109,0.0423460424830322,0.0361783629761313,37969,1060704.5223,29564.2617756858,412954.596696396,384,5363.72483556586,7.1592039445008,0.0544022029532655,0.0110981774064133,99818.751722149,122510,1906209.73554,1553142.40733173,6646,6.42688984931109,103244,6496,96748,64833,24577,7338,31073,0.254031091081986,0.670122379790797,8.89,5901.54132224794,7498,59225.65768,12.6600535877747,0.0784699674702526,4317.46774393474,4236,40118.41616,10.5587418583675,0.0225538048832071,105720.293044397,0.96923672487213,13.9313544741197,14.2557907961443,13.900108075306,13.9650935342169,12.7643376903516,12.529809461686
1945,134003,1936102.45488,112551.061780498,1626160.51142565,9022,130351.681290175,6.92127628175057,-0.0187290554947323,0.0369145655450561,36197,1051189.1067,28508.2595896318,413951.044721894,393,5706.51323221676,6.88686740935383,0.0296375130688511,0.0114057701364732,112551.061780498,134003,1936102.45488,1626160.51142565,9022,6.92127628175057,96576,6736,89840,61658,20084,8098,26820,0.223552983081033,0.686308993766696,9.12,6237.49263926743,8050,61845.98262,13.0162051906614,0.114282999377558,4370.10167840642,4235,39170.99428,10.8115713625434,0.0302022082152375,118788.554419765,0.798215481744723,14.0258626620483,14.3017322797318,13.8004859713142,13.8727859240294,12.5916035387375,12.3023791390564
1946,161715,1992172.41432,140052.308933832,1725309.0091816,12964,159703.943228794,8.11752029280052,-0.0938385763432126,0.0372382953880508,39026,1051497.47665,31190.1660309372,420186.297312369,822,11073.7831933365,7.42293745189655,-0.0257211699940058,0.0116886541646776,140052.308933832,161715,1992172.41432,1725309.0091816,12964,8.11752029280052,100771,7752,93019,66853,16641,9525,24393,0.178898934626259,0.718702630645352,10.296,7046.76971436483,9122,66392.08854,13.7395888585493,0.0900277101318086,5543.73168347459,5394,40624.79682,13.2776048675386,-0.145165233170764,147099.078648197,0.66417327003118,14.1231859827431,14.3609167281622,13.7139737680383,13.7940206105078,12.3754662005702,11.9930395244176
1947,192728,2075432.92638,171085.155595539,1842367.30074419,16831,181248.244074041,9.28615892859322,-0.0766609941191812,0.0372049019450107,47724,1066695.7099,38620.6172644474,431611.419303452,1470,16428.2404403759,8.94800636340311,-0.076821648930075,0.0119069052972316,171085.155595539,192728,2075432.92638,1842367.30074419,16831,9.28615892859322,122211,9476,112735,78763,22780,11192,32256,0.202066793808489,0.698656140506497,11.426,8197.73280185443,10596,70306.79086,15.0710903888353,0.0545671959757645,6661.96906682041,6465,41784.57188,15.472217876413,-0.094661458454808,179282.888397393,0.65894086256388,14.2191954231556,14.4265618791462,13.8020739365064,13.8827830637208,12.5507380771169,12.202916962687
1948,211040,2156329.04256,192552.448364779,1967430.04465981,18915,193266.507960682,9.78700355254932,0.00296864908310353,0.0370196344765299,51553,1087312.4437,42292.309895187,445996.884971325,1858,19593.6853373674,9.48264692429547,-0.0194857216959035,0.0120669181503579,192552.448364779,211040,2156329.04256,1967430.04465981,18915,9.78700355254932,140041,11120,128921,87467,29076,12378,40196,0.225533466231258,0.678454247174626,12.067,8821.35038967474,11341,73274.38778,15.4774408133581,0.122223640124266,7237.38552211257,6973,42928.01208,16.2434728796787,0.00486204635841563,201373.798754453,0.66953705909658,14.2828195865342,14.4922387031955,13.8816508245443,13.9643862477566,12.7162184990655,12.3923641025012
1949,215670,2209190.17902,202194.530665119,2071155.80005072,17205,176237.385960213,9.76240081311929,0.0597360259594365,0.0368560146604084,47225,1118942.39,39472.5671857911,467628.678309207,2285,27070.2314573849,8.44100651151486,0.0720526451679766,0.0121938926094784,202194.530665119,215670,2209190.17902,2071155.80005072,17205,9.76240081311929,136291,12008,124283,84902,26426,12955,38434,0.212627632097712,0.683134459258306,12.046,9072.40253878892,11655,75515.87056,15.4338418051338,0.152178965449108,6809.81578327292,6448,43989.77798,14.6579507696802,0.171954372835394,211266.933203907,0.614670434413687,14.3334230674353,14.5436173669304,13.8467540336231,13.9389851160567,12.6731352948589,12.2985411843407
1950,241923,2269313.38854,231543.492069792,2171950.35851608,18927,177541.178411712,10.6606254218438,-0.0311064984215169,0.0370549718879053,53022,1159118.5892,44701.3995904992,488610.607187628,2444,26714.2491041907,9.14867563923631,-0.032754245229361,0.0122582734799248,231543.492069792,241923,2269313.38854,2171950.35851608,18927,10.6606254218438,154866,12848,142018,94387,33268,14363,46116,0.234251996225831,0.664612936388345,12.195,9898.69233575429,12817,78483.46748,16.3308278947616,0.0887096542713573,7664.44812659446,7163,45198.55762,15.8478508544937,-0.0144876927939557,241442.184405547,0.61335345135588,14.456667159895,14.5911361045796,13.9678532434335,14.054459660183,12.8430593946731,12.5164954073088
1951,262117,2342947.43166,256708.234506678,2294600.87946754,22791,203718.62532748,11.1874895893113,0.0102292744316613,0.0373250263562194,59736,1192554.70235,51024.186489785,509317.108041854,2678,26731.4642166642,10.0181567993966,-0.0347564540387963,0.0123308075465587,256708.234506678,262117,2342947.43166,2294600.87946754,22791,11.1874895893113,177643,14636,163007,109808,37834,15365,52470,0.232100461943352,0.673639782340636,13.06,10470.4097478747,13607,80693.38008,16.8625976337959,0.118177306992798,9004.70719807696,8329,46848.37848,17.7786302754443,-0.0492801829774034,267178.644254553,0.634989369597957,14.4913115068121,14.6460694776242,14.0371644857919,14.1231472594915,12.9036129188206,12.5765795103654
1952,277787,2421310.26654,277843.643963093,2421803.99954181,24435,212985.90777432,11.4725900203179,0.032608280772771,0.0373846225143786,62966,1226783.7668,54592.8267384565,531823.473195562,2959,28825.5023819299,10.265215713482,-0.00221372108492991,0.01240707827883,277843.643963093,277787,2421310.26654,2421803.99954181,24435,11.4725900203179,185883,15580,170303,117770,35736,16797,51316,0.209837759757608,0.691532151518176,13.286,11374.2081845402,14631,85649.89834,17.0823320092221,0.14168281509163,9524.16137134523,8705,48106.1627,18.0953946675942,0.0434095411588749,289217.852147633,0.612945459434812,14.5532731394063,14.7000232747759,14.0637938192125,14.1513320592585,12.8642172101143,12.502373199777
1953,292500,2509130.68494,298674.907638712,2562100.42932619,26931,231020.165730322,11.6574238940844,0.0432859634595563,0.0374612214543793,58242,1270660.4054,51496.2992095468,561745.033053488,3351,36554.230782729,9.16720152016787,0.0718021968309997,0.0124715648313704,298674.907638712,292500,2509130.68494,2562100.42932619,26931,11.6574238940844,199043,16728,182315,128198,36232,17885,52960,0.198732962180841,0.703167594547898,13.447,12965.4222313253,16229,92879.46956,17.4731833384514,0.13778114048977,9873.90748976202,8904,50458.38254,17.6462255660722,0.0915310567959765,311640.329870037,0.610412844658967,14.613525148595,14.7563379602514,14.119905392381,14.207690313913,12.8837063437572,12.5041121383824
1954,301967,2583102.4989,314665.674722667,2691730.19135924,26377,225635.564858032,11.6900897323506,0.0576504207453069,0.0374715220863678,60715,1331497.39125,54659.2814880336,599346.872345518,4069,44617.1694391522,9.11980757889449,0.0137726564568417,0.0124884595934726,314665.674722667,301967,2583102.4989,2691730.19135924,26377,11.6900897323506,196164,17724,178440,125945,35178,17317,52902,0.197141896435777,0.705811477247254,13.572,14552.4389309025,17682,99730.19862,17.7298353404202,0.14738230607951,10036.5963223936,8891,52777.93266,16.8460558265451,0.119173003468976,329218.113653569,0.567078058823129,14.6564273431563,14.8056947386314,14.0891690283083,14.1838676621053,12.8733577633812,12.4653375052584
1955,332305,2666869.66722,351730.652776823,2822767.66501256,28956,232382.5343706,12.4604889426937,-0.00429369626546671,0.0376505271749026,67278,1399514.99165,61214.6782099008,636692.974403123,4309,44817.8460939672,9.61447364285546,-0.0176071100465309,0.0124664770621408,351730.652776823,332305,2666869.66722,2822767.66501256,28956,12.4604889426937,221376,18912,202464,137886,45418,19160,64330,0.224326299984195,0.681039592223803,13.801,16548.7424345709,19561,107022.9102,18.2773949647278,0.133639949600279,11319.0847655086,9926,56485.94588,17.572512676139,0.0259854835407519,368279.395211394,0.575622279154799,14.7510501033794,14.8532284031093,14.1987465046288,14.288047024979,13.0522104970872,12.7040929139068
1956,368854,2774787.4506,396368.857473764,2981774.1749496,35341,265860.647550669,13.2930542092599,-0.00340753532465416,0.0378543862954288,77285,1467752.8563,71143.9391454047,675562.656978076,4929,46804.3852539477,10.5310645001672,-0.0344542554089017,0.012462368830807,396368.857473764,368854,2774787.4506,2981774.1749496,35341,13.2930542092599,237233,21356,215877,150770,44304,20803,65660,0.205227977042483,0.698406963224429,14.271,19243.8759991994,22101,116557.10456,18.9615211217117,0.131817738328956,13168.0863204602,11441,60177.62424,19.012049984511,-0.0098704399855845,415612.733472963,0.544636633099484,14.8370411948355,14.908029042046,14.2294047598966,14.3237387394017,13.0391858709254,12.6457709252806
1957,396424,2881691.92146,432968.537807809,3147342.08233384,38305,278447.341865087,13.7566405710418,0.0281228892629996,0.037856466606077,79571,1540924.64015,74379.5074738859,720194.642449711,5479,53051.5269594566,10.3276951937447,0.0210640837301905,0.0124630060599917,432968.537807809,396424,2881691.92146,3147342.08233384,38305,13.7566405710418,247921,23756,224165,158411,43705,22049,67461,0.194967992327081,0.706671425066357,14.744,21836.5574764749,24419,125081.05316,19.5225410908269,0.143002112318893,14218.8672829078,12194,63362.92194,19.2446933106191,0.0568172043815002,454805.095284284,0.517739697981254,14.8927543090133,14.9620688712302,14.2344716324387,14.3351993916333,13.0336388977255,12.5995517566352
1958,404910,2943335.09976,450529.114964628,3274945.43858931,33954,246815.341624685,13.7568433860289,0.0642433972949808,0.0378770347330086,86078,1627224.1733,81397.3654649847,769370.57510373,6151,58139.4542738464,10.5797346686946,-0.00218370426384312,0.0124459709799259,450529.114964628,404910,2943335.09976,3274945.43858931,33954,13.7568433860289,242248,25496,216752,155209,39237,22306,64733,0.181022551118329,0.716067210452499,15.08,24160.7311054249,26398,133068.3087,19.8379315540215,0.160839906148336,14938.1391340371,12587,65829.4858,19.1206111471708,0.0796508376973398,474689.846070053,0.481105422048068,14.9099788054629,15.00181176694,14.1783099452288,14.2895180971933,12.9698272202357,12.4691762815655
1959,422056,3016124.71578,477605.081420107,3413093.26357948,36860,263411.388592156,13.9933205610449,0.0478645807885574,0.0382490535952068,86534,1719735.1583,82946.87413458,824223.170778666,6482,64410.0775192445,10.0636426001247,0.0367981965841513,0.0124224686433061,477605.081420107,422056,3016124.71578,3413093.26357948,36860,13.9933205610449,271655,26688,244967,170794,49776,24397,76464,0.203194716022975,0.697212277572081,15.287,26938.1405885763,28975,141844.81874,20.4272530060551,0.148442730418602,15838.7648542907,13152,68802.43032,19.1156038221761,0.0727925594537321,504543.222008683,0.512907021993186,14.9547068724625,15.0431295534984,14.2870461785465,14.3904555498167,13.1227427127871,12.6934556111066
1960,431682,3106478.41548,496056.627498047,3569732.36358821,40047,288187.001322102,13.8961853991604,0.0725819431500229,0.0385421349944054,90109,1813435.57025,87075.8455461399,876196.803998297,6180,62185.9737881066,9.93793233994827,0.0152422865488129,0.0123902614371149,496056.627498047,431682,3106478.41548,3569732.36358821,40047,13.8961853991604,282484,27560,254924,180409,47915,26600,75475,0.187957979633146,0.707697196027051,15.495,29346.557610916,31150,150558.18842,20.6896750863549,0.168601930808009,16687.1169118048,13718,72690.127,18.8718888880191,0.0835623390539073,525403.185108963,0.513901006193096,14.9790981622816,15.088001182763,14.3133735352507,14.4160299855449,13.0962095493234,12.6418366815262
1961,443252,3190414.46922,516952.128016294,3720889.13105244,40201,289356.510691691,13.8932419056,0.0663383368096337,0.038714315010593,96367,1918105.14185,93661.7698336629,932129.890484917,6711,66788.4421376371,10.0481457348115,0.00248605164632684,0.0123891751276442,516952.128016294,443252,3190414.46922,3720889.13105244,40201,13.8932419056,290423,28564,261859,184516,49723,27620,78287,0.189884632569436,0.704638755971725,15.66,32064.7773610415,33666,160818.49692,20.9341590953604,0.172567559775251,17853.2514542574,14559,76479.81452,19.0363955396266,0.0593311832288765,549016.905377336,0.50654400244919,15.0097660489156,15.1294732114139,14.3296219653654,14.4331542553239,13.1221973355231,12.668283377122
1962,457910,3288030.24198,541517.911658828,3888378.21866323,43511,312431.446919246,13.9265750708015,0.0649380951142526,0.0389536893477543,104767,2020836.38805,102631.490613308,989822.419231177,7179,69237.3764153357,10.3686771100846,-0.00613931481640098,0.0123854494817987,541517.911658828,457910,3288030.24198,3888378.21866323,43511,13.9265750708015,316808,29824,286984,199256,57859,29869,87683,0.201610542748028,0.694310484208179,15.85,34516.7732952932,35890,170573.68254,21.0407604887018,0.181574047910429,19249.1634702116,15620,81184.2542,19.2401841390569,0.0563376179565842,576034.684954121,0.529962156045557,15.0441321083966,15.173502718294,14.4091824297236,14.5080518767936,13.2234840025898,12.8077649809484
1963,473397,3392401.43154,567592.438907842,4067413.61327225,46201,331080.126275789,13.9546279988774,0.0669394767075591,0.039102351447448,113625,2135902.43225,112025.767993537,1052920.17747886,8018,75360.4651343476,10.6395309340329,-0.00390684022950722,0.0123887948468489,567592.438907842,473397,3392401.43154,4067413.61327225,46201,13.9546279988774,337829,31340,306489,210106,64716,31667,96056,0.211152765678377,0.685525418530518,16.032,37625.3014272821,38893,181749.52626,21.3992304686187,0.169993221482827,20563.3427719833,16581,85398.64808,19.415998230402,0.0577311040721138,605217.740335124,0.539980766110529,15.0797423641019,15.2185178795639,14.4635206057299,14.5608785903718,13.3032700947962,12.9083472062109
1964,499570,3521261.007,606184.889670143,4272744.99074819,51757,364813.551532916,14.1872470971874,0.0531573198153778,0.0392097261848601,119850,2248633.6754,118968.124857901,1116043.93764985,8119,76164.6091388093,10.6598065581919,0.0083185808254612,0.0123854108286216,606184.889670143,499570,3521261.007,4272744.99074819,51757,14.1872470971874,364523,33252,331271,225657,71736,33878,104988,0.216547781121801,0.681185494655433,16.276,40761.138846474,41901,192230.82602,21.7972324561725,0.170661788513075,22753.2273299559,18346,92161.28012,19.9064075239757,0.0411769479822149,646946.028516617,0.546485083421103,15.1304188728326,15.2677670336382,14.5261706063482,14.6218234844259,13.3770798927429,12.9962265484805
1965,534604,3698084.04174,655034.029516025,4531149.95650961,61567,425885.21634295,14.4562425830772,0.0521233970317517,0.0391973429128531,131815,2367179.89475,131481.806033289,1180598.14045223,8730,78388.1974022968,11.1368806648234,-0.0129179026863891,0.012395564487405,655034.029516025,534604,3698084.04174,4531149.95650961,61567,14.4562425830772,400741,35828,364913,245400,83491,36022,119319,0.228797000928989,0.672489059035989,16.574,44723.9120801434,45810,205490.30162,22.2930229012528,0.167615382378873,25076.0989481607,20185,99904.00376,20.2043954599563,0.0538112849618519,699757.941596169,0.557090141209332,15.1897774502887,15.326486318778,14.6047492315501,14.6984055958894,13.4868908413301,13.1298291041599
1966,582406,3916621.77522,718922.800479285,4834683.52843087,71377,480003.146344437,14.870110861478,0.042870714181567,0.0389458693967185,146799,2497091.7494,146889.016013532,1249311.47339177,9802,83367.3707846062,11.7575976161287,-0.0186186227335342,0.0124123843185556,718922.800479285,582406,3916621.77522,4834683.52843087,71377,14.870110861478,440080,39392,400688,272851,90864,36973,130256,0.226769955676237,0.680956255240985,17.039,49637.304554983,50490,221748.94432,22.7689922740463,0.172586726588877,27806.0101855644,22327,107516.04852,20.7662021692015,0.0402000024430266,768560.105034268,0.557344960728569,15.255174612011,15.3913262304214,14.6706037003391,14.7643771593043,13.5469223755687,13.1867845138722
1967,632741,4112866.63326,788310.400558808,5124080.06294858,73210,475870.800566052,15.3844278558205,0.0379636638314252,0.0385701080436314,161719,2631893.4704,161810.202661972,1316688.87338576,10188,82902.2275565493,12.2891752131154,-0.0154201110024024,0.0124267069447494,788310.400558808,632741,4112866.63326,5124080.06294858,73210,15.3844278558205,463191,43452,419739,291064,89364,39311,132816,0.2129037330341,0.693440447516195,17.533,55727.5493673346,56339,238197.0081,23.6522702150599,0.154455806416098,30835.328892963,24666,115683.47852,21.3219729520284,0.042792565558265,844037.949926143,0.532453966993789,15.3187325671168,15.4494615669642,14.6884737350215,14.7869801415004,13.5378053571949,13.1415585619987
1968,696068,4311982.54344,874952.462503753,5420130.999638,79559,492849.864055729,16.1426442010754,0.0244485289132358,0.0384066847021632,175348,2774096.0702,175466.1368625,1387982.52823938,11086,87693.127478606,12.6418116433407,-0.0076430858591413,0.0124550855987887,874952.462503753,696068,4311982.54344,5420130.999638,79559,16.1426442010754,510944,48092,462852,320869,96448,45535,144540,0.208377623948908,0.693243196529344,18.28,62571.1190848316,62839,255118.62458,24.6312867606006,0.153857984827077,35577.7136494465,28497,127215.88968,22.4005036412367,0.0198736715073294,937523.581588585,0.529002454231066,15.3812874552588,15.5056305427987,14.7445252475024,14.8433778941015,13.5806741847991,13.1761219019483
1969,767094,4523595.9747,972484.109528336,5734792.87195845,88572,522314.009327577,16.9576152311187,0.0239958619170458,0.0383112764287434,199542,2904580.6119,199424.088555477,1451432.13249358,11098,80772.5582355248,13.7398149104543,-0.0343586654638385,0.0124806714990108,972484.109528336,767094,4523595.9747,5734792.87195845,88572,16.9576152311187,554625,53484,501141,356064,94896,50181,148380,0.189359880752124,0.710506623884296,19.176,70589.768154153,70510,271345.6971,25.9853024218087,0.142171131040942,40775.087967182,32552,138062.23672,23.5777724404232,0.0197368379531156,1043073.87768249,0.515320502504723,15.4391197033806,15.5620621914084,14.7761534664528,14.8775581775372,13.5590425185995,13.1120475229345
1970,843414,4703627.83242,1079929.09806224,6022646.72235199,90918,507039.763707932,17.9311380502242,0.0179970654562517,0.0382203713731579,232682,3019558.5504,232687.877490114,1509817.41185331,11802,76578.3988701765,15.411656778053,-0.0476673433584583,0.0125345988304633,1079929.09806224,843414,4703627.83242,6022646.72235199,90918,17.9311380502242,572890,59260,513630,374485,84896,54249,144156,0.165286295582423,0.729094873741799,20.189,77993.040507115,77531,283373.93568,27.3599616047793,0.146376461519204,46064.3972821011,36504,147389.44178,24.7670386420809,0.0226063531187034,1157922.13856936,0.475614557401617,15.492438231363,15.6110373755409,14.749290725227,14.8584812895511,13.4786836098694,12.9492145412975
1971,921543,4859509.07508,1192127.03550017,6286361.18733615,93782,494534.145535425,18.9637057110513,0.0175485576449425,0.0383252897259636,248701,3119294.2028,249997.519840251,1567777.80216419,12277,76991.1961105416,15.9459790472317,-0.0077715767242371,0.0126047068011333,1192127.03550017,921543,4859509.07508,6286361.18733615,93782,18.9637057110513,618097,64732,553365,396190,97659,59516,162391,0.176482068797268,0.715965050192911,21.212,83282.1240549636,82507,292466.14752,28.2107863421553,0.170598650874478,52819.2631532951,41667,158399.13742,26.3050674887949,0.0111681722084293,1275409.15955514,0.464182912996204,15.5418528210483,15.6538929536988,14.774376225656,14.8850038087652,13.548365413168,13.0398402246696
1972,998403,5044776.38082,1302951.05023988,6583610.70991849,106816,539724.774358319,19.790827672677,0.0311478064374415,0.0385716385918846,269509,3216166.41995,271606.057903434,1620595.75539967,12183,72692.480574398,16.7596426806913,-0.0164982549493413,0.0126768776235283,1302951.05023988,998403,5044776.38082,6583610.70991849,106816,19.790827672677,685949,70188,615761,439924,112172,63665,182360,0.182168081447185,0.7144395309219,22.13,89469.2981519925,88668,303326.28944,29.2318876031809,0.167802474901425,59730.2985089372,46783,168477.74604,27.7680590461442,0.0179381919445609,1392420.34839187,0.472589511238075,15.5883783203578,15.7000938929079,14.8388502121414,14.9467945918462,13.6219740662525,13.1360247184848
1973,1124922,5270238.41652,1475833.18040528,6914250.69804556,124968,585472.730052103,21.3448028551012,-0.00144038214696822,0.0387071400714972,318487,3305681.81115,320707.517910364,1664364.65013541,12419,64450.45231465,19.2690656992908,-0.0589922739838481,0.0127617004487403,1475833.18040528,1124922,5270238.41652,6914250.69804556,124968,21.3448028551012,768838,78180,690658,495100,125483,70075,203663,0.181686160154519,0.716852624598571,23.342,98902.4783102595,98449,314659.98406,31.2874229286262,0.135138012852447,69459.3657859998,54324,183489.48238,29.606056595384,0.00890143164883322,1574735.65871554,0.467978365827455,15.6596491293474,15.7490951582865,14.9003159183501,15.0075514360941,13.6791378190482,13.1948414432093
1974,1372198,5484216.24366,1803688.85744316,7208740.81619296,140734,562466.705850939,25.0208587523572,-0.0807957229751835,0.0387571407816163,425424,3380043.02195,428022.989138935,1700346.14604869,14448,57395.5178611616,25.1726973436312,-0.111147393205346,0.0128661840697797,1803688.85744316,1372198,5484216.24366,7208740.81619296,140734,25.0208587523572,830040,91384,738656,542933,121293,74430,212677,0.164207696140016,0.735028213403804,25.443,111932.970098349,111927,325046.57328,34.4341424278251,0.11028101975577,86585.1848345859,68067,202454.25484,33.6209283691239,-0.0539463965790452,1915621.82754151,0.409525177777662,15.7740740209687,15.7908048499304,14.8813171275841,14.997958701323,13.6362593917605,13.0746939150458
1975,1518805,5618817.9234,2015907.21579514,7457847.18645326,143302,530145.638221541,27.030685469889,-0.00222946076556173,0.0389859026877407,420686,3448809.5208,424888.322875444,1741630.2101919,15458,63362.8140376984,24.3960124479369,0.0244920020790888,0.0129848560222896,2015907.21579514,1518805,5618817.9234,7457847.18645326,143302,27.030685469889,898280,107724,790556,569021,141341,80194,249065,0.178786828510567,0.71977317229899,27.8,121619.269559567,121477,333349.53062,36.441329248031,0.153278193059386,99068.0741690067,77233,219589.52298,35.1715322989405,0.0336065941105921,2137526.48535471,0.392158921703238,15.7967140484946,15.8247773496281,14.8606259396538,14.988371267984,13.7056033508489,13.1390648546493
1976,1666379,5767099.32216,2230289.3645166,7718712.41915817,160253,554612.70675765,28.8945777922874,0.00780950828181474,0.0393877035434994,416190,3522113.4632,421052.555807371,1781632.0376798,14840,62793.6324682092,23.6329694854221,0.0237235203326437,0.0130864777419046,2230289.3645166,1666379,5767099.32216,7718712.41915817,160253,28.8945777922874,1014666,118272,896394,640004,169722,86668,287994,0.189338616724342,0.713976220278137,29.33,133187.82143742,132936,347271.98,38.2800823723238,0.161527853619374,112958.157332078,87181,236790.13056,36.8178351833415,0.0344720494581065,2363477.18595402,0.401918250726307,15.8442011978899,15.8591581230076,14.9326946304448,15.0566293552639,13.7972542285665,13.2684763863606
1977,1850996,5959628.70096,2493290.39253757,8027615.93390517,191207,615626.789590285,31.0589147894706,0.00367910096584308,0.0397376217932382,421372,3595020.92995,426976.087963968,1821416.67317553,14834,63279.6442037894,23.4419775690074,0.0116901403360646,0.0131873519397732,2493290.39253757,1850996,5959628.70096,8027615.93390517,191207,31.0589147894706,1147401,132560,1014841,723326,196884,94631,329444,0.194004775132262,0.71274810536823,31.152,146600.182494455,145834,363214.9209,40.1508835701579,0.163404917421676,130420.96381653,99426,253566.03178,39.2110880554634,0.0203881642382241,2639890.57503203,0.4070288013933,15.8954055762482,15.898398146935,14.996534245299,15.1193016800434,13.8714534013626,13.3566617391611
1978,2097947,6206032.52874,2836070.47010929,8389509.16839044,230684,682396.842179453,33.8049629982514,-0.00807435423614423,0.0399251297437541,445474,3684844.6911,451366.418850901,1866792.62116707,16822,69573.5973296805,24.1787123932769,-0.00837523085585297,0.0132850707334038,2836070.47010929,2097947,6206032.52874,8389509.16839044,230684,33.8049629982514,1303931,150152,1153779,829499,221554,102726,371706,0.19202464250086,0.718940975698119,33.343,164637.199305686,163161,381336.20422,42.7866534030609,0.147116443091896,153196.754140313,116204,277202.5742,41.9202456309657,0.0153910555790552,3000707.66941498,0.406823106886881,15.956252345452,15.9424925747524,15.0568755306212,15.1792164366683,13.9241808289151,13.4067439617898
1979,2414175,6483342.38838,3271585.51080847,8785945.10316543,272473,731734.754352549,37.2365803837059,-0.0189340643945814,0.0399664405685233,515859,3790483.4254,521520.404864166,1916041.44799792,20197,74202.8284306407,27.2186390022567,-0.050039653730355,0.013367313174932,3271585.51080847,2414175,6483342.38838,8785945.10316543,272473,37.2365803837059,1450326,172444,1277882,942400,226725,108757,399169,0.177422485018179,0.737470282858668,36.11,189525.67582349,186843,405392.68138,46.0893865582295,0.137622991178547,185597.586769858,140365,305412.87742,45.9590968088002,-0.00766092257871089,3461111.18663196,0.390600213804044,16.0193856417534,15.9886638552813,15.0793149285871,15.2058992674118,13.9157405157922,13.3500934590145
1980,2766412,6732786.15372,3762477.59296236,9156971.9338908,296668,722019.063918102,41.0886657742947,-0.020859869387779,0.0399492859415065,624704,3892069.2975,628906.594071765,1959126.27883126,22097,68835.0444905567,32.1013811548149,-0.0712920578147272,0.0134392779885426,3762477.59296236,2766412,6732786.15372,9156971.9338908,296668,41.0886657742947,1574527,198860,1375667,1030690,223441,121536,422301,0.162423755167493,0.749229282958739,39.371,218780.657873794,213843,428659.90404,49.8864013136264,0.134155264925299,223349.316199844,168440,337233.1847,49.9476349428194,0.000950529781851379,3981258.25083615,0.365627958176591,16.0727289139669,16.0300261070956,15.0665899436776,15.2016061489815,13.8856142902083,13.2490433573877
1981,3125661,6986620.93998,4271659.42170986,9548209.21532469,339138,758056.824570207,44.7378071152225,-0.006676735202981,0.0400590441670651,717092,3969337.9964,720512.76857564,1994136.53282887,22222,61503.0072542999,36.1315665559531,-0.0498952684111753,0.0135227389591724,4271659.42170986,3125661,6986620.93998,9548209.21532469,339138,44.7378071152225,1789067,229084,1559983,1139850,273482,146651,502566,0.175310884798104,0.730681039472866,43.097,253270.529914479,244921,457609.7591,53.5218043604875,0.145728578796068,263129.070757553,197288,371340.37238,53.1286158667691,0.0243236317892762,4524929.95162434,0.365193674400093,16.109229729931,16.0718641781535,15.1019022785999,15.238921609749,13.9691990504436,13.3607078820194
1982,3320755,7179488.08962,4582901.9340691,9908255.75856863,343827,743355.607802977,46.2533673508157,0.0460253183211791,0.0401446026071402,748439,4031540.6206,751865.015127527,2024997.5947904,21543,58021.7489932953,37.1291806499825,-0.00665226981180192,0.0136202745321766,4582901.9340691,3320755,7179488.08962,9908255.75856863,343827,46.2533673508157,1854861,253880,1600981,1183260,264806,152915,518686,0.165402337691703,0.739084348908575,45.759,287263.477888303,274065,487222.58794,56.250470890268,0.168021428081417,301326.630642259,223522,405235.20688,55.1585835102897,0.0518146884058794,4870165.4119574,0.349337826345001,16.1196246578052,16.1088788825978,15.0679088166279,15.2151020109037,13.9408356617241,13.2685344537007
1983,3415779,7344489.14496,4764336.31716815,10244110.161805,342125,735625.269878244,46.5080543055061,0.0740036009602913,0.0403472494435902,724633,4101628.70495,728233.289178232,2061003.68241136,22541,63794.2328311559,35.3339149945721,0.0325356005926945,0.013722557143612,4764336.31716815,3415779,7344489.14496,10244110.161805,342125,46.5080543055061,1985899,264616,1721283,1250110,303155,168018,567771,0.176121532600973,0.726266395473609,47.552,322717.053732303,304060,519676.73298,58.5094503377934,0.179078032403981,336066.205161342,246277,441449.5915,55.7882496081096,0.0804605123713892,5087053.37090045,0.361284948293303,16.1200151394016,16.1422134800318,15.1019268378473,15.2449286031949,13.9928197842875,13.3653458417417
1984,3613437,7601701.63962,5072676.14235583,10671549.1507414,401008,843613.205682218,47.5345806939699,0.0582469133742665,0.0406257068864335,722206,4191364.3604,726568.313987068,2108340.65117246,26122,75800.2701600158,34.4616185995854,0.0201975589871078,0.0138104078327609,5072676.14235583,3613437,7601701.63962,10671549.1507414,401008,47.5345806939699,2226000,278952,1947048,1388207,373838,185003,652790,0.192002457052933,0.712980368229237,49.267,363888.22939446,338455,561633.5022,60.2626087429298,0.19266166709902,382347.408210736,278148,489425.07532,56.8315793419736,0.0753339882000275,5436564.37175029,0.383830535472694,16.1472947753036,16.1830918002502,15.1897406376284,15.3236325110828,14.0969264641524,13.5394935277428
1985,3801706,7867696.17612,5374862.92745954,11123371.5867409,428068,885894.113516231,48.3204474969296,0.0652838262316224,0.0406756012070227,756640,4293566.9724,761509.986963553,2160600.8994895,28728,81508.7703419772,35.2452869543598,-0.00386256054794783,0.0138727686195642,5374862.92745954,3801706,7867696.17612,11123371.5867409,428068,48.3204474969296,2369165,298976,2070189,1490088,383522,196579,682498,0.185259413512486,0.719783555994163,50.826,406710.492228082,372617,606115.88582,61.4761976574653,0.205105601148161,435515.340220056,314521,544228.53062,57.7920822419378,0.0792331052689738,5781573.41968762,0.385161264192181,16.1740057810955,16.2245590010773,15.219912616732,15.3548102816673,14.1102770269447,13.5339144158171
1986,3959550,8069007.59676,5653299.56899869,11520631.6801178,417120,850032.061411153,49.0710902489409,0.0671566509765803,0.0407045619669837,816975,4399734.3409,822011.518208845,2213428.9943259,30792,82913.5651794687,37.1374695242568,-0.0185278081254102,0.0139245847533331,5653299.56899869,3959550,8069007.59676,11520631.6801178,417120,49.0710902489409,2464907,317872,2147035,1578176,364294,204565,682166,0.16967306075588,0.735049032735843,51.849,449749.160668983,406407,650566.69926,62.469689958351,0.209518987172832,498769.128762298,357082,600845.15538,59.4299540909448,0.0682672437477292,6103048.72966767,0.379784402682959,16.2045844650789,16.2596500450723,15.2364329164462,15.3744991744541,14.0898628468694,13.4625510508203
1987,4154780,8233333.11042,5993395.1067873,11876830.6327991,417524,827387.77350305,50.462916346015,0.0545927876090245,0.0408995647031165,871566,4509117.56745,876874.98095974,2268292.00605746,33167,85796.0856433214,38.6579408038318,-0.0125960793747009,0.01397518239395,5993395.1067873,4154780,8233333.11042,11876830.6327991,417524,50.462916346015,2641902,334692,2307210,1685458,404912,216840,739604,0.175498545862752,0.730517811555949,53.134,500464.622889841,448725,691513.22272,64.8902993112675,0.184287902009112,562135.39342016,397253,653247.38626,60.8120305347672,0.0742337956436448,6493859.72967714,0.384958768592975,16.2385217666418,16.2901000545553,15.2839027216487,15.4193628315925,14.1462233481367,13.5437781998558
1988,4404530,8399009.70744,6415648.78082389,12234017.338891,443910,846493.13303115,52.4410633327211,0.0449689334552057,0.0411984006564868,892950,4632157.1775,898348.66438949,2330081.31118725,36085,93595.0454953175,38.5543912170066,0.00845632116395362,0.0140218897216861,6415648.78082389,4404530,8399009.70744,12234017.338891,443910,52.4410633327211,2873908,358200,2515708,1825308,456561,233839,814761,0.181484099108482,0.725564334175508,55.008,551321.381237389,491455,734259.24644,66.9320818747305,0.194328892310864,635425.915799112,442844,707511.79118,62.5917483666834,0.0705905727809631,6966970.16206128,0.392120592311622,16.2719422426744,16.3197309360544,15.3357563896213,15.4688748907621,14.2083416544703,13.6291691522885
1989,4650305,8581405.96104,6835605.73194094,12614034.5150258,480992,887595.032156504,54.190479055677,0.0516794202608426,0.0414890580879023,936221,4757047.00725,940965.764362247,2390577.85142831,36704,93248.63112134,39.3614357214948,-0.00360174363893113,0.0140562008385845,6835605.73194094,4650305,8581405.96104,12614034.5150258,480992,54.190479055677,3020213,380160,2640053,1934822,457075,248156,837235,0.173130993961106,0.732872408243319,57.165,608299.308189657,540545,785939.6311,68.7769109242467,0.200053137387311,715294.865432042,491926,767150.36504,64.1238044609873,0.0773689185074263,7443905.04013059,0.386220783282416,16.2968840092912,16.3503206024495,15.3455379136727,15.4800662796594,14.1970884376944,13.5918311331909
1990,4905710,8793863.8194,7263293.50345098,13020014.2180603,520085,932292.504961086,55.7856034702015,0.0552892301479941,0.0417243825755861,992403,4897046.96455,996422.266077273,2458440.08608587,41161,101555.189831068,40.5306711242127,-0.00779072021734056,0.0140940631376576,7263293.50345098,4905710,8793863.8194,13020014.2180603,520085,55.7856034702015,3160697,402624,2758073,2037523,457022,263528,859646,0.165703373333483,0.738748756831309,59.305,668832.57449099,592259,839766.788,70.526604345777,0.203342422479253,792602.348190907,535352,815272.8626,65.6653771465789,0.0775778279756221,7932126.07794197,0.379727598601043,16.3208205010526,16.381998286761,15.3525193719474,15.4887796973683,14.1867525220875,13.5549633752683
1991,5028760,8954980.51008,7520035.02404597,13391326.5050332,514912,916931.1966382,56.1560127834949,0.0793518672262214,0.0419061684977661,1021027,5038060.1374,1024640.14216769,2527944.24409684,42242,104217.487061582,40.5325451524651,0.00686080673362786,0.0141200630623764,7520035.02404597,5028760,8954980.51008,13391326.5050332,514912,56.1560127834949,3231237,423556,2807681,2071121,450831,285729,874387,0.160570591887041,0.737662505106527,61.31,731306.711748193,643633,893499.23436,72.0350925046986,0.211190847691434,845417.609342332,556822,846129.41314,65.8081365985877,0.100999806555262,8251341.73579416,0.373360096199312,16.3223085775816,16.410117779604,15.3370966578993,15.4776028182334,14.1705055726098,13.508075049634
1992,5205412,9116941.62786,7855848.51907852,13759009.351373,532336,932351.990276366,57.0960329952431,0.0695654741754427,0.0421667818885827,1047212,5184491.8108,1049641.87005941,2598260.75312153,42852,106074.912757112,40.3978649486345,0.00818909058620155,0.014145250163615,7855848.51907852,5205412,9116941.62786,13759009.351373,532336,57.0960329952431,3376497,436252,2940245,2188674,449070,302501,885322,0.152732170278327,0.744384906699952,62.707,787013.516216131,691729,946505.56658,73.082401670327,0.213741175997325,903516.337218893,581538,874192.70262,66.5228614076852,0.0909304915046857,8642862.03529465,0.374274655736983,16.3434659484734,16.4372043930647,15.3607005710137,15.4990464413402,14.1604038014612,13.481631158415
1993,5454732,9325177.35072,8285120.69812057,14163889.2400388,578320,988671.224446662,58.4946730217291,0.0616922210573824,0.0424297506362695,1081732,5346341.9817,1081936.9021169,2673677.34399003,45418,112236.746312788,40.466247901936,0.00519454691508341,0.0141710778643188,8285120.69812057,5454732,9325177.35072,14163889.2400388,578320,58.4946730217291,3534936,455844,3079092,2271015,488755,319322,944599,0.158733483767292,0.737559968977867,64.194,838976.159620525,736643,995565.6263,73.9924099968898,0.217033876800388,972857.811855106,614278,906666.4043,67.7512696055236,0.0837784160423379,9124096.8577411,0.371641176054137,16.3732322146107,16.4662062723612,15.3834057438949,15.5214661900849,14.201776215398,13.542877058012
1994,5759417,9563981.3346,8796526.44104205,14607349.0930491,630521,1047031.50945197,60.2198686771159,0.058023264765303,0.0426134126166061,1154738,5513126.0718,1152649.03060604,2751576.29794341,48526,115840.110813088,41.8904986013855,-0.010930477854841,0.0141906266083299,8796526.44104205,5759417,9563981.3346,14607349.0930491,630521,60.2198686771159,3816575,482344,3334231,2398673,584811,350747,1067155,0.175396065839469,0.719408163381601,65.564,897706.136104363,791165,1041342.3873,75.9754917929864,0.199875491937287,1055279.47575778,656067,943909.8851,69.50525790187,0.0766224522659661,9694232.57714642,0.379039501824657,16.4120109000771,16.4970353225718,15.4418960471965,15.5770074027017,14.3026502079987,13.7011874182513
1995,6106995,9881148.15336,9358890.9878939,15142731.965971,716637,1159522.21496488,61.8045079905352,0.0624362667367173,0.0427277624480087,1241162,5667927.7867,1236859.87023458,2824140.7756428,48903,111660.956649088,43.7959708277311,-0.0155396889999608,0.0142087569873729,9358890.9878939,6106995,9881148.15336,15142731.965971,716637,61.8045079905352,4041486,520836,3520650,2524557,637426,358667,1158262,0.181053498643716,0.717071279451238,66.939,962962.380428071,850989,1092675.49998,77.8812190824793,0.205946868621943,1125129.53664309,687683,976301.91248,70.4375348659462,0.0900270476743458,10321853.368322,0.376182392182375,16.4532257863022,16.5330312365887,15.4755446186854,15.6135114331573,14.3638195927504,13.7665818999133
1996,6431219,10244082.92094,9881784.10499742,15740377.6451121,781007,1244041.05502154,62.7798412960315,0.0736346637622415,0.0426868399528585,1312031,5821892.49745,1306136.79506093,2897869.031985,51354,113936.891473619,45.0723197164727,-0.00763896177660298,0.0142374755104996,9881784.10499742,6431219,10244082.92094,15740377.6451121,781007,62.7798412960315,4296356,554164,3742192,2667703,702808,371681,1256972,0.187806504850633,0.712871760722058,68.164,1030431.31226618,912118,1159572.7114,78.6598365960822,0.223588974752835,1193414.63583888,721689,1020259.02074,70.735860730401,0.0984469113727435,10912215.4172636,0.378695988521698,16.4894572505937,16.5717397933666,15.518435713703,15.6565313992644,14.4274698318087,13.8460926380125
1997,6811804,10654136.7207,10491172.9546345,16408926.478094,855906,1338696.70120683,63.9357667220967,0.0725721583124653,0.0425750819538371,1391593,5970174.39055,1385605.18738472,2972242.81996873,53944,115714.53985606,46.618169218062,-0.00943899651002295,0.014265914510297,10491172.9546345,6811804,10654136.7207,16408926.478094,855906,63.9357667220967,4609353,594612,4014741,2862551,763291,388899,1357903,0.190122102521682,0.713010129420553,69.34,1126134.13290121,993809,1244212.36398,79.8745478481658,0.222708086142468,1271035.0454006,762177,1067025.72492,71.4300491731016,0.0919176973064467,11617307.0875357,0.382677991999595,16.5321930363098,16.6133360421631,15.5716316409188,15.7097463037829,14.4876004017094,13.9115428725404
1998,7180238,11084625.65628,11090049.8558468,17120470.2631784,911542,1407209.87799802,64.7765492732904,0.0786955410318681,0.0423955883916161,1449724,6117487.12095,1445722.55173999,3050300.98513108,57134,120545.879480631,47.3960621849211,-0.000352343188812332,0.0142948328557901,11090049.8558468,7180238,11084625.65628,17120470.2631784,911542,64.7765492732904,4875176,634096,4241080,3093832,744345,402904,1378440,0.175508361077839,0.729491544606563,70.119,1236219.17927786,1082651,1338638.77236,80.8770089701871,0.227852687468654,1371038.26189798,821761,1136187.52216,72.3261771470395,0.0899371517492448,12326269.0351247,0.382422086025524,16.5765352421874,16.6557853969442,15.6153048990576,15.7546431516297,14.4914393702306,13.8752363033157
1999,7599121,11553789.35304,11772382.2839524,17898862.9200991,987288,1501083.82045557,65.7716768741377,0.0779646877923229,0.0422121093886807,1546342,6280570.77165,1543058.90525537,3133618.13210827,62536,126997.059439601,49.2420850340566,-0.0113139843749844,0.0143198696375645,11772382.2839524,7599121,11553789.35304,17898862.9200991,987288,65.7716768741377,5168284,679076,4489208,3309975,754597,424636,1433673,0.168091342615446,0.737318253019241,71.111,1393861.87094116,1206775,1449923.65686,83.2302441780576,0.216310638960486,1486617.23917777,888872,1209139.00692,73.5128049722086,0.0895930544446979,13166244.1548936,0.381333861891275,16.6221950112821,16.7002477447764,15.6581150016492,15.7989794259669,14.5166783901371,13.87486726036
2000,8137294,12074800.87374,12642883.9363379,18760573.9698094,1087247,1613348.49466803,67.3907096695632,0.0705190420664127,0.0419935863140043,1665389,6472509.0391,1659117.76247742,3224067.98488715,69669,135383.754859993,51.4603839079867,-0.0152778189726366,0.0143393037015913,12642883.9363379,8137294,12074800.87374,18760573.9698094,1087247,67.3907096695632,5510787,737452,4773335,3597328,726139,449868,1463591,0.152124039062836,0.753629904458832,72.722,1569921.68077471,1335108,1567806.70898,85.1576914649516,0.229206340659361,1604429.18541542,949990,1269332.96602,74.8416708169724,0.0917530611020463,14212805.6171126,0.377551120775584,16.6711313139257,16.7472680964799,15.6970820137374,15.8407442358924,14.514929796634,13.8140229692827
2001,8540556,12448375.42278,13382601.4989319,19505948.7452763,1048496,1528246.15133759,68.6077958764896,0.0778867889226192,0.0417296068409471,1741591,6667354.79465,1735960.15155362,3322899.07325612,75804,145100.704715874,52.2423375878387,-0.000117703073983993,0.0143513153456439,13382601.4989319,8540556,12448375.42278,19505948.7452763,1048496,68.6077958764896,5470157,781460,4688697,3582304,664885,441507,1446346,0.141805921773149,0.764029750696195,74.36,1679158.6584978,1395240,1658697.2572,84.1166158528088,0.269117214121162,1697706.55866904,987710,1310300.7949,75.3804014959314,0.105758788143498,15061760.1574297,0.350357664044187,16.705718048808,16.7862300408718,15.6569172997968,15.8110698991321,14.4808029569872,13.7036213954875
2002,8810698,12636682.66608,13968046.9350587,20033574.7046656,935180,1341275.44669726,69.7231879031837,0.0766225406350274,0.041712889638603,1827495,6879997.9016,1818823.70231306,3423676.46841555,78879,148478.4785951,53.1248708542484,-0.00198332951601346,0.0143552609886886,13968046.9350587,8810698,12636682.66608,20033574.7046656,935180,69.7231879031837,5543551,805024,4738528,3540451,731045,467032,1536068,0.15427681339015,0.747162620965836,75.515,1765863.67471502,1444022,1724836.7843,83.7193416295349,0.257400994511219,1782978.75770359,1019814,1343770.92304,75.8919531978624,0.103413786681909,15733910.6097737,0.339240555392656,16.7331217912103,16.8129201592505,15.6520759708877,15.8089847020859,14.525575336513,13.7830691703145
2003,9081233,12829549.81572,14537806.3342606,20538346.5633671,953330,1346820.9356395,70.7837229711116,0.0763350248611117,0.0420318934264829,1882379,7094755.54535,1870143.14725316,3524319.0836098,79494,149807.901948028,53.0639565512229,0.00674098994345432,0.0143603775670229,14537806.3342606,9081233,12829549.81572,20538346.5633671,953330,70.7837229711116,5733743,818191,4915552,3594306,830127,491120,1648317,0.168877676403383,0.731211062358816,77.006,1867464.56905688,1521620,1790092.34636,85.0023186286498,0.232621291873148,1863162.63327761,1045830,1368697.9194,76.4105786365529,0.104409583726748,16405270.9033175,0.338121989451444,16.7535499926835,16.837804260849,15.6692014596068,15.8231659491435,14.576552170415,13.8906208252081
2004,9838424,13043865.4137,15852348.4375542,21017177.0916292,1017506,1349018.02581717,75.4256785696875,0.0269010078089167,0.0423689168390625,2176016,7287618.92265,2156389.3961664,3610944.07580277,81973,137266.450693926,59.7181609822357,-0.0499577807627914,0.0143691468620061,15852348.4375542,9838424,13043865.4137,21017177.0916292,1017506,75.4256785696875,6133641,851954,5281688,3761333,988613,531742,1840566,0.187177470535935,0.71214600332318,79.077,1947180.14165544,1590638,1857652.53156,85.6262391903954,0.240607845656403,2041576.54416054,1129053,1398999.0847,80.704341578759,0.0571845713735235,17799528.5792096,0.333180160706516,16.8135763383916,16.8608506180876,15.7145044262323,15.8640472203688,14.6603318156513,14.0388063543498
2005,10724500,13309859.9502,17354822.1163049,21538556.7465758,1143620,1419312.97834377,80.5756036511778,0.024504258182392,0.0427237834787401,2431593,7411495.53685,2421884.0566736,3690951.33865013,86612,131996.689297438,65.6167972552936,-0.0353342655899249,0.0143977379208015,17354822.1163049,10724500,13309859.9502,21538556.7465758,1143620,80.5756036511778,6575529,913610,5661919,3928746,1157510,575663,2071120,0.204437753348291,0.69388947457567,81.556,2060211.45959025,1695424,1938787.89416,87.4476266902089,0.226749221708107,2222488.85614084,1211856,1424791.82864,85.054951582418,0.0577207844059992,19415033.5758952,0.326244715276027,16.8732612426501,16.885355224039,15.753153723786,15.9027458741988,14.7474803668551,14.1656619893474
2006,11601575,13657426.14456,18781361.0662261,22109502.516365,1271805,1497174.5524019,84.947008881473,0.0349123077804021,0.0430032891019929,2782275,7556649.6776,2771971.04075964,3764332.07922884,93270,126660.505419082,73.6377923737138,-0.0471652539815349,0.0144352390351091,18781361.0662261,11601575,13657426.14456,22109502.516365,1271805,84.947008881473,7021572,984445,6037127,4127501,1297836,611790,2282281,0.214975765790582,0.683686296478441,84.071,2168335.8867596,1797218,2028036.79302,88.6186091980963,0.235452927106298,2398853.01461849,1295023,1454194.57664,89.0543136938541,0.0609084567102051,20949696.9529857,0.321442465150002,16.9218840094203,16.9115180521899,15.7869473005583,15.9380061886191,14.814194445484,14.2497173260976
2007,12248970,14033871.74574,19835248.889807,22725611.9465052,1371569,1571432.00093011,87.2814731523978,0.0607507997992682,0.0432086868568338,3121039,7685988.8452,3112010.64716742,3831877.64079084,99126,122055.720910456,81.2137270261361,-0.0390478346781307,0.0144806988865921,19835248.889807,12248970,14033871.74574,22725611.9465052,1371569,87.2814731523978,7257367,1047219,6210148,4307101,1271768,631279,2318987,0.204788678144225,0.693558511004891,86.349,2305021.60047633,1924349,2128019.55308,90.4291033047503,0.227759920154112,2529430.24648463,1356196,1492271.1353,90.8813397189617,0.0868808545139125,22140270.4902834,0.313086467152489,16.9497441221017,16.9390031260043,15.7884682483922,15.9443006110816,14.8034139725957,14.2026915785484
2008,13060201,14369615.9607,21174256.6459833,23297186.3339684,1415006,1556874.41579852,90.8876133900783,0.047336149064332,0.0433563694854359,3321905,7807574.7112,3315771.84272976,3896579.88223714,102444,120388.629974995,85.0944146646388,-0.0150484365285521,0.0145324025840266,21174256.6459833,13060201,14369615.9607,23297186.3339684,1415006,90.8876133900783,7327703,1108750,6218953,4364267,1217245,637442,2325994,0.195731500141583,0.701768770402349,88.013,2424498.68930505,2028089,2223740.33884,91.2017003324201,0.24247136277765,2685078.297035,1420822,1505028.66096,94.404979576516,0.0679659834938076,23598755.3352884,0.293703486454138,16.9959823477675,16.9638431530453,15.7707977777201,15.9348583101865,14.7873436876695,14.1397863215646
2009,12692474,14446458.8268,20759475.099061,23628246.335944,1182561,1345980.20816741,87.8587213113698,0.122795469989572,0.0435640678510595,3361690,7941275.11095,3357918.70241254,3966183.11266985,107049,126440.207061342,84.6637335448727,0.0101758131782728,0.0145863753205024,20759475.099061,12692474,14446458.8268,23628246.335944,1182561,87.8587213113698,6904035,1114626,5789409,4094885,1086020,608503,2200647,0.187587368589782,0.707306220721321,88.556,2488975.35657914,2084458,2292689.61196,90.9175838336885,0.251287610374708,2628833.91720206,1358948,1485916.87476,91.4551831992279,0.140311865007115,23248450.4556401,0.278880317174391,16.9700483974228,16.9779534329493,15.6930758375267,15.8691516469836,14.7257970317275,14.0195652612388
2010,13078839,14588491.46502,21499009.4215782,23980577.7449419,1249146,1393331.30100951,89.6517575608156,0.0666162774437022,0.044057433514566,3493481,8068984.3231,3491165.69223524,4031818.29813741,107091,123675.440076116,86.5903528898628,-0.00359200722939372,0.0146337808819638,21499009.4215782,13078839,14588491.46502,23980577.7449419,1249146,89.6517575608156,7287190,1123495,6163695,4166597,1358883,638215,2482378,0.22046564601266,0.675990132542249,89.632,2577855.37133264,2172268,2360944.34112,92.008437563145,0.232457200364482,2659809.51763032,1349701,1475593.24324,91.4683640754836,0.10816147183944,24076864.7929108,0.286696697468006,16.9929752055319,16.9927548000566,15.7436447802517,15.911086357053,14.8341853165962,14.2316313836223
2011,13738372,14825099.93844,22623700.2002838,24413272.2892139,1389556,1499472.17691142,92.6696754628802,0.0539993479184681,0.0444850680407162,3734604,8177530.5455,3735115.52278912,4089325.30444717,106604,116713.507814012,91.3381852680479,-0.0182520806783564,0.014684813929141,22623700.2002838,13738372,14825099.93844,24413272.2892139,1389556,92.6696754628802,7661063,1173463,6487600,4372725,1444027,670848,2617490,0.222582619150379,0.67401273198101,91.481,2695664.8654676,2288911,2447699.19576,93.5127569582464,0.229011518838275,2768452.57035252,1386236,1476655.00914,93.8767681970171,0.0834354066463363,25319365.0657514,0.286761225730821,17.0235474817309,17.0106374886575,15.7744421061378,15.9407001904768,14.8667652868223,14.2719851818632
2012,14229170,15132471.40284,23457828.3472614,24946986.8332209,1529893,1627014.23005735,94.030708013296,0.074539747827321,0.0447830046336443,3902446,8261847.7004,3913449.47322672,4142571.54756399,107258,113537.671072131,94.4690858876777,-0.00784234702150734,0.0147436125684944,23457828.3472614,14229170,15132471.40284,24946986.8332209,1529893,94.030708013296,8110944,1234809,6876136,4608338,1572715,695082,2807524,0.228720752469119,0.670192968841803,93.185,2805932.89322618,2392601,2537863.62984,94.2761845777679,0.239210270041241,2847721.07914604,1412383,1491127.6951,94.7191179294193,0.104611179791514,26263761.2404876,0.293127560582681,17.0412982500424,17.0322636046612,15.814150845686,15.9793082402799,14.9183969355444,14.3388974046264
2013,14783467,15438829.55472,24387067.5381681,25468165.1510585,1572655,1642372.01553453,95.7551020794861,0.0702795050081128,0.0449430508458825,4004879,8354182.474,4019707.68334852,4192557.56276698,106729,111318.412025375,95.8772210797176,0.000542340016404627,0.0148053922830727,24387067.5381681,14783467,15438829.55472,25468165.1510585,1572655,95.7551020794861,8417763,1282795,7134968,4773788,1634506,726674,2917301,0.22908385854008,0.669069293653454,94.771,2960993.85805082,2536150,2637246.55648,96.1665868429482,0.22577367484515,2948881.22121785,1449588,1506547.80294,96.219183830155,0.0992904065713309,27348061.3962189,0.292571789897784,17.0632702615255,17.0529398047477,15.8342250546488,15.9995614046598,14.9398761624326,14.3605579066863
2014,15515241,15843141.2502,25560338.1455041,26100532.2213233,1744503,1781371.45535784,97.9303331011086,0.0669825446212038,0.0451153186057139,4048074,8461891.69225,4063628.94085662,4247203.48183127,111928,116984.350252757,95.6777549801899,0.00859904787217693,0.0148688313172076,25560338.1455041,15515241,15843141.2502,26100532.2213233,1744503,97.9303331011086,8851699,1352680,7499019,5032917,1711433,754668,3064114,0.228220917962736,0.671143385554831,96.421,3107979.68831613,2664346,2747426.48468,96.9760615927936,0.239765206921683,3051146.3660435,1489951,1528812.21712,97.4580778015231,0.104089723591174,28668317.8338203,0.29338496843474,17.092998582638,17.0774662637066,15.8667289357236,16.0325661417321,14.9717151811889,14.3892877550111
2015,15792586,16202867.1948,26051434.2643378,26728233.7179691,1760602,1806341.30400805,97.467848190895,0.0960536194066723,0.0451576924703235,4073987,8581142.7572,4091342.93138997,4308849.99914316,118726,125037.801420491,94.9520854103429,0.0115514589961624,0.0149254172492055,26051434.2643378,15792586,16202867.1948,26728233.7179691,1760602,97.467848190895,9222330,1408263,7814067,5303853,1738998,771216,3147261,0.222547106391588,0.678757041627619,97.316,3237376.04522599,2761618,2859090.21134,96.5907962276462,0.25680533019785,3149348.17688301,1532246,1561612.616,98.1194685737606,0.112509984531492,29288810.3095637,0.299947669702655,17.1027901532182,17.1012310072924,15.8986428993523,16.0643450455416,14.9892498791754,14.3960264136877
2016,16251521,16545197.94114,26841959.2516286,27327013.2036386,1775302,1807383.01327622,98.2250019480893,0.0827109612183827,0.0452182340352043,4213927,8698455.49675,4234208.38638544,4370160.32941949,121913,125827.382032874,96.8890856905447,-0.00216822063890473,0.0149731486984621,26841959.2516286,16251521,16545197.94114,27327013.2036386,1775302,98.2250019480893,9346389,1441019,7905370,5448417,1671794,785159,3112813,0.211475743703331,0.689204553360564,98.241,3449149.48635973,2935578,3004976.01312,97.6905634914554,0.239482746352488,3257891.98153025,1580842,1601600.35328,98.7038993068722,0.116492278710918,30291108.7379883,0.294515386372936,17.1232234073442,17.1233862655668,15.9007993758374,16.0682471659486,14.968783919436,14.3471544017827
2017,16888542,16888542,27957166.4161366,27957166.4161366,1868618,1868618,100,0.0744383357867002,0.0453201664694559,4405285,8810570,4431626.6103858,4431626.6103858,127107,127107,100,-0.00738648372966972,0.0150202084330408,27957166.4161366,16888542,16888542,27957166.4161366,1868618,100,9771449,1509413,8262036,5727599,1708532,825905,3217945,0.20679309555175,0.6932430456609,100,3724838.29002338,3157018,3157018,100,0.227818124674216,3389502.01020253,1633486,1633486,100,0.11278344165576,31682004.70616,0.295524799510126,17.1461841259931,17.1461841259931,15.9271816042278,16.0949753241786,14.9842535150273,14.3511450802421
2018,17670681,17325786.35238,29248044.129944,28677183.62526,2028676,1989080.49747493,101.990643544861,0.0723690186546857,0.0453931299568014,4624515,8932243.9717,4654921.96359356,4495487.48874665,135261,130628.212023976,103.546544735048,-0.00920405835963339,0.0150661008999839,29248044.129944,17670681,17325786.35238,28677183.62526,2028676,101.990643544861,10337804,1582147,8755657,6047036,1835141,873481,3417287,0.209594893906876,0.690643317800138,102.291,4001656.43579462,3366870,3333242.74476,101.008845074151,0.245342592467188,3582494.19049665,1716707,1669488.03144,102.828350228978,0.0993328098038862,33249700.5657387,0.299358718179586,17.1686717554943,17.1716123689177,15.9625590571594,16.1286665188189,15.0217060128163,14.3999803691961
2019,18471301,17718951.61014,30607540.0301756,29360872.8860032,2069383,1985095.54036537,104.246015263281,0.0702470493801837,0.0453812444286126,4760410,9079336.43785,4787234.75404381,4565249.10028042,144377,137682.190912912,104.862509118062,0.000905560449238453,0.0151086127031096,30607540.0301756,18471301,17718951.61014,29360872.8860032,2069383,104.246015263281,10799812,1664696,9135116,6344263,1861862,928990,3526559,0.203813722781407,0.694491783136635,103.979,4310923.60772001,3594909,3530682.65048,101.819091543423,0.24952226607422,3764497.10227229,1800082,1720844.83128,104.604550467288,0.112782558695531,34918463.6378956,0.298459660299188,17.1977381730973,17.1951734917183,15.9886176764392,16.1560205148484,15.0368143962726,14.3980688505294
2020,18843167,17969239.80258,31378927.4844458,29923604.2813703,1988702,1896467.99467788,104.863462266748,0.0870169297219578,0.0454256453644678,4931866,9244005.99115,4945436.92025581,4634721.27179642,147903,138610.438534731,106.704084889639,-0.00243114620394854,0.0151444675854554,31378927.4844458,18843167,17969239.80258,29923604.2813703,1988702,104.863462266748,10498662,1728115,8770547,6350094,1912578,507876,3640692,0.218068268718017,0.724024852725833,105.377,4751314.05095022,3944540,3716031.17726,106.149270870986,0.209876803002878,3897333.00604424,1839922,1741100.05768,105.675833613588,0.121729951005738,36130241.535396,0.279504358596943,17.2092729163814,17.2141581677649,15.9345355241374,16.1143841684489,15.0553101214467,14.4115884181772
2021,20906670,18286406.62134,34837248.6481878,30471045.5729913,2185960,1911990.4517546,114.329022825087,0.00596070213002264,0.0456010962884955,5540500,9345944.28605,5553398.29447053,4683850.83100502,141668,119485.717454754,118.564798385753,-0.0426058540308942,0.0151802350390065,34837248.6481878,20906670,18286406.62134,30471045.5729913,2185960,114.329022825087,12072724,1815454,10257270,6998733,2555943,702594,4371397,0.249183554688528,0.682319272087017,110.186,5127108.43062458,4241707,3947314.31594,107.458050220911,0.241883735367833,4412975.98724096,2066406,1761698.31614,117.296246529181,0.0250626147203683,39964357.0788124,0.29443398655231,17.2691980748499,17.2322874652071,16.0464976195115,16.2094595902059,15.193593534701,14.6569321328435
2022,23313722,18676700.82696,38786548.42115,31072033.928011,2491698,1996107.61838605,124.827838792312,0.00370822959828489,0.0457850801353177,5853641,9423124.87925,5879180.09298899,4732118.71071662,148626,119628.224407972,124.239911388416,-0.0141684121298239,0.0152354007997023,38786548.42115,23313722,18676700.82696,31072033.928011,2491698,124.827838792312,13445428,2010486,11434942,7593396,2736706,1104840,4747192,0.239328367384811,0.664051990819018,118.023,5639429.95794666,4649271,4232929.7344,109.835770771636,0.234370017388225,4994278.45271564,2310716,1761665.64642,131.166547108174,0.0146925759796964,44425978.3790967,0.294817210230663,17.3078747195677,17.2518187419885,16.0864749785409,16.2484403458354,15.2073545085751,14.6565562306351
2023,24166378,19145864.52372,40161881.5889362,31818336.3646575,2742568,2172805.34861657,126.222443337881,0.0801686993623857,0.0459095441024269,6075442,9535944.2281,6108405.14065063,4793841.39819652,170842,134075.823933227,127.421928121123,-0.00424406256869189,0.0152897974198049,40161881.5889362,24166378,19145864.52372,31818336.3646575,2742568,126.222443337881,14163359,2154291,12009068,8015626,2877736,1115707,5032026,0.239630252739014,0.667464452695247,122.39,6141851.61407934,5029315,4512294.25722,111.458045803479,0.24257680578998,5103614.61627306,2341371,1778049.511,131.68199116588,0.122330132028392,46303733.2030156,0.29901656807106,17.3063864031582,17.2755532968125,16.0991301076405,16.2641263542062,15.2292907628745,14.6704719504475
2024,24954909,19595268.62634,41512608.2513652,32596821.3334506,2851190,2238831.404063,127.351706556631,0.0845955825674422,0.0458963793245936,6277027,9664710.70865,6318903.07665223,4864593.55932691,187362,144240.22134954,129.895807318516,-0.00114823921302054,0.0153296811710939,41512608.2513652,24954909,19595268.62634,32596821.3334506,2851190,127.351706556631,14849197,2274356,12574841,8451105,2957761,1165975,5232117,0.235212596326268,0.672064561293459,125.428,6673310.85604023,5423814,4761067.27562,113.920129374641,0.235269688126805,5297916.02268156,2415243,1804724.33738,133.82891503011,0.113928953585021,48185919.1074054,0.302916186905372,17.3149460495722,17.2997253364741,16.1206469269623,16.2868946449042,15.2437648314818,14.6733814183795
