"year","asset","K_net_cc","K_gross_cc","K_net_chain","K_net_real","IG_cc","IG_real","D_cc","D_real","p_K"
1925,"Defense_IP",0,0,0,NA,0,NA,0,NA,NA
1926,"Defense_IP",0,0,0,NA,0,NA,0,NA,NA
1927,"Defense_IP",0,0,0,NA,0,NA,0,NA,NA
1928,"Defense_IP",0,0,0,NA,0,NA,0,NA,NA
1929,"Defense_IP",0,0,0,NA,0,NA,0,NA,NA
1930,"Defense_IP",0,0,0,NA,0,NA,0,NA,NA
1931,"Defense_IP",0,0,0,NA,0,NA,0,NA,NA
1932,"Defense_IP",0,0,0,NA,0,NA,0,NA,NA
1933,"Defense_IP",3,3,0.121,99.11594,0.075,2.4778985,0,0,0.0302675835995704
1934,"Defense_IP",20,20,0.697,570.94058,0.507,14.473343703,0,0,0.03502991502198
1935,"Defense_IP",25,25,0.853,698.72642,0.99,27.669566232,0,0,0.0357793827232123
1936,"Defense_IP",78,79,2.458,2013.44612,2.657,68.5862351389744,1,25.8134117948718,0.0387395516697512
1937,"Defense_IP",133,136,3.923,3213.48622,5.619,135.763752407368,3,72.4846515789474,0.0413880722973818
1938,"Defense_IP",188,193,5.61,4595.3754,8.554,209.0895807,5,122.217430851064,0.040910694695367
1939,"Defense_IP",212,219,6.25,5119.625,10.245,247.408293042453,7,169.044221698113,0.0414092829064629
1940,"Defense_IP",438,447,11.814,9677.31996,12.694,280.465524137534,9,198.849040273973,0.0452604648611825
1941,"Defense_IP",2415,2444,57.653,47225.87842,38.385,750.627471284348,29,567.101645623188,0.0511372171529001
1942,"Defense_IP",7617,7719,164.217,134516.71338,116.603,2059.21653278825,102,1801.32660690035,0.0566249338733286
1943,"Defense_IP",10058,10242,214.18,175443.4052,196.636,3429.95520231728,184,3209.54330451382,0.0573290286319636
1944,"Defense_IP",11425,11639,245.625,201201.2625,237.894,4189.45935590153,214,3768.67135010941,0.0567839379238488
1945,"Defense_IP",13699,13939,260.894,213708.71116,261.462,4078.889483708,240,3744.0755294839,0.0641012709572882
1946,"Defense_IP",13468,13767,253.374,207548.77836,264.052,4069.17656842254,299,4607.74314891892,0.0648907698056373
1947,"Defense_IP",12541,12888,246.685,202069.5509,255.558,4117.73305867971,347,5591.11188599793,0.0620627894907644
1948,"Defense_IP",13229,13605,242.379,198542.33406,249.325,3741.89790910194,376,5643.05069215814,0.0666306259701881
1949,"Defense_IP",12578,12953,238.312,195210.89168,244.826,3799.70597602542,375,5820.00988869455,0.0644328802135617
1950,"Defense_IP",12679,13025,235.623,193008.22422,241.292,3673.1083238814,346,5267.04358231091,0.0656915012364855
1951,"Defense_IP",14698,15130,245.359,200983.37126,244.701,3346.09007556765,432,5907.25380217172,0.0731304281934155
1952,"Defense_IP",16118,16591,266.005,217895.3357,258.629,3496.34277061393,473,6394.37236543616,0.0739712942831938
1953,"Defense_IP",17198,17737,287.309,235346.29426,277.163,3792.84131619865,539,7375.95375079312,0.0730752955090103
1954,"Defense_IP",18042,18541,304.238,249213.51532,295.08,4075.92972512058,499,6892.66955684957,0.0723957526012719
1955,"Defense_IP",19007,19532,306.364,250955.00696,304.47,4020.00689057248,525,6931.7292920503,0.0757386761485478
1956,"Defense_IP",20576,21148,304.563,249479.73582,304.536,3692.43588781491,572,6935.38145844868,0.0824756364775278
1957,"Defense_IP",22023,22642,303.172,248340.31208,303.001,3416.76260729928,619,6980.09595320892,0.0886807293408955
1958,"Defense_IP",22326,22989,301.477,246951.86978,301.46,3334.50285155777,663,7333.5613035985,0.0904062804622187
1959,"Defense_IP",20419,21013,297.899,244020.98686,298.894,3571.98730821944,594,7098.70543096332,0.0836772290070067
1960,"Defense_IP",19713,20291,295.098,241726.57572,295.834,3627.60309448336,578,7087.60517253386,0.0815508180732028
1961,"Defense_IP",19973,20544,294.171,240967.23294,293.987,3546.84994293956,571,6888.91453505933,0.0828867882006729
1962,"Defense_IP",19647,20198,291.055,238414.7927,291.942,3542.6931038033,551,6686.34146575559,0.0824067994166874
1963,"Defense_IP",19785,20345,286.01,234282.2314,287.871,3408.79758581498,560,6631.18774748547,0.0844494261548168
1964,"Defense_IP",19589,20164,279.861,229245.33954,282.299,3303.67706911034,575,6729.08623388126,0.0854499377797907
1965,"Defense_IP",20716,21299,272.855,223506.4447,275.662,2974.13755352826,583,6290.02979629755,0.0926863653878344
1966,"Defense_IP",21155,21772,266.226,218076.36564,268.8,2770.92541167724,617,6360.34590403592,0.0970073026387583
1967,"Defense_IP",22797,23436,260.235,213168.8979,262.434,2453.95300046009,639,5975.12504970391,0.106943368495972
1968,"Defense_IP",22861,23511,255.062,208931.48668,256.591,2345.03911021862,650,5940.48669533266,0.109418644184608
1969,"Defense_IP",24466,25144,249.837,204651.48018,251.201,2101.2284996606,678,5671.28682915229,0.119549587320263
1970,"Defense_IP",25778,26500,244.91,200615.5774,246.134,1915.52155046053,722,5618.91717289161,0.128494508422954
1971,"Defense_IP",28025,28821,241.919,198165.52966,242.173,1712.41180425874,796,5628.53743476753,0.141422173917348
1972,"Defense_IP",27921,28710,237.803,194793.94942,238.686,1665.21931919566,789,5504.54590066187,0.143336074262753
1973,"Defense_IP",30463,31302,233.77,191490.3578,234.715,1475.41802616377,839,5273.95234199521,0.159083728026749
1974,"Defense_IP",36349,37320,228.929,187524.90106,230.319,1188.21831927256,971,5009.39995403615,0.193835590871048
1975,"Defense_IP",34911,35949,222.418,182191.48052,224.659,1172.43722099461,1038,5417.0535584704,0.191617082754688
1976,"Defense_IP",34880,35881,216.137,177046.46218,218.126,1107.17994866613,1001,5080.94921565883,0.19701043201043
1977,"Defense_IP",35709,36735,210.985,172826.2529,212.342,1027.70372156296,1026,4965.68751506343,0.206617914817963
1978,"Defense_IP",37396,38452,206.185,168894.3809,207.381,936.610482549548,1056,4769.29260429992,0.221416484081502
1979,"Defense_IP",41133,42268,201.869,165358.97266,202.843,815.450127422565,1135,4562.81900102351,0.248749731195869
1980,"Defense_IP",45901,47159,197.776,162006.23264,198.644,701.108169245554,1258,4440.07408686347,0.283328605646909
1981,"Defense_IP",49443,50828,194.22,159093.3708,194.825,626.890883767368,1385,4456.53213919058,0.310779762546838
1982,"Defense_IP",50540,51999,191.191,156612.19574,191.547,593.561461365449,1459,4521.11582082825,0.322707945962932
1983,"Defense_IP",49865,51315,188.661,154539.77154,188.778,585.053825163504,1450,4493.78659847588,0.322667747616628
1984,"Defense_IP",50056,51500,186.284,152592.67576,186.334,568.027881673802,1444,4401.94629609717,0.32803671441432
1985,"Defense_IP",50838,52294,184.986,151529.43204,184.501,549.92981118085,1456,4339.80197982297,0.335499178711236
1986,"Defense_IP",52162,53651,183.119,150000.09766,182.92,526.015449253618,1489,4281.85547746904,0.347746440260551
1987,"Defense_IP",53834,55364,180.63,147961.2582,180.75,496.786369574061,1530,4205.16263041944,0.363838484850084
1988,"Defense_IP",54655,56222,177.99,145798.7286,178.198,475.364410192348,1567,4180.159321493,0.374866094682804
1989,"Defense_IP",56141,57741,175.137,143461.72218,175.466,448.382724640385,1600,4088.61180755597,0.391330866149512
1990,"Defense_IP",57550,59197,172.574,141362.26636,172.774,424.391385023156,1647,4045.58909982485,0.407110054768366
1991,"Defense_IP",57411,59081,170.841,139942.69674,170.639,415.942621257544,1670,4070.7234424727,0.410246489008741
1992,"Defense_IP",57432,59085,168.698,138187.27972,168.714,405.943179946373,1653,3977.28745955495,0.415609889103909
1993,"Defense_IP",57280,58938,165.94,135928.0916,166.282,394.594883509623,1658,3934.51075196927,0.421399280500161
1994,"Defense_IP",58205,59861,162.951,133479.68214,163.431,374.791133610898,1656,3797.65232581118,0.436058874780296
1995,"Defense_IP",59156,60852,159.848,130937.89072,160.408,355.052491287676,1696,3753.98374908919,0.451786718685581
1996,"Defense_IP",60108,61829,156.897,128520.60858,157.403,336.553027089867,1721,3679.7758595558,0.467691529507384
1997,"Defense_IP",61297,63047,153.577,125801.06378,154.289,316.650412410924,1750,3591.56013532473,0.487253431395427
1998,"Defense_IP",62033,63811,149.798,122705.53372,150.762,298.217588617262,1778,3517.0060927919,0.505543622356529
1999,"Defense_IP",62883,64684,146.077,119657.51378,147.036,279.788849071388,1801,3427.04995496048,0.525524875233623
2000,"Defense_IP",63915,65751,142.537,116757.75818,143.428,262.009414695158,1836,3353.9426428613,0.547415443704094
2001,"Defense_IP",64218,66067,139.361,114156.16954,140.09,249.02889829734,1849,3286.84726212993,0.562545154228377
2002,"Defense_IP",64824,66690,136.657,111941.21498,137.166,236.864875569954,1866,3222.29895027582,0.579089658903397
2003,"Defense_IP",65251,67131,133.989,109755.74946,134.494,226.226261174131,1880,3162.26278501172,0.594510996654261
2004,"Defense_IP",69924,71882,130.979,107290.13806,131.671,202.033633208888,1958,3004.3202665963,0.651728120257393
2005,"Defense_IP",74052,76134,127.735,104632.8479,128.562,181.653543344134,2082,2941.79210997407,0.707731859413529
2006,"Defense_IP",78653,80862,124.635,102093.5139,125.407,162.781347153412,2209,2867.33592113588,0.770401536742482
2007,"Defense_IP",80748,83057,121.618,99622.16852,122.364,150.965559874935,2309,2848.70940596275,0.810542484665842
2008,"Defense_IP",80442,82783,119.024,97497.31936,119.573,144.924877151653,2341,2837.33900974317,0.825068838077232
2009,"Defense_IP",75238,77481,116.79,95667.3606,117.171,148.986420543643,2243,2852.04138634467,0.786454225643181
2010,"Defense_IP",73933,76079,114.518,93806.27452,114.929,145.822045964712,2146,2722.84724169072,0.788145573185908
2011,"Defense_IP",74513,76661,112.372,92048.40008,112.73,139.259137882227,2148,2653.49621370553,0.809498045976249
2012,"Defense_IP",75149,77307,110.057,90152.09098,110.51,132.572723179281,2158,2588.83301620567,0.833580221857212
2013,"Defense_IP",77039,79232,107.731,88246.77134,108.005,123.71776033667,2193,2512.0415575049,0.872995111664558
2014,"Defense_IP",77630,79865,105.353,86298.85642,105.671,117.471163941232,2235,2484.57998323715,0.899548420690417
2015,"Defense_IP",77846,80094,103.272,84594.22608,103.459,112.427536880645,2248,2442.87208370167,0.920228289888032
2016,"Defense_IP",80073,82351,101.654,83268.85756,101.624,105.679996761423,2278,2368.91908036017,0.96162001432892
2017,"Defense_IP",81914,84246,100,81914,100,100,2332,2332,1
2018,"Defense_IP",84461,86874,98.315,80533.7491,98.343,93.7702666051941,2413,2300.80080248043,1.04876528093984
2019,"Defense_IP",86063,88526,96.959,79422.99526,96.833,89.3620591893332,2463,2272.97255876951,1.08360305121034
2020,"Defense_IP",87584,90079,95.816,78486.71824,95.593,85.6638296574297,2495,2235.84629622762,1.11590855069493
2021,"Defense_IP",95651,98290,95.037,77848.60818,94.639,77.0249597970436,2639,2147.83407373702,1.22867964163004
2022,"Defense_IP",102802,105699,94.339,77276.84846,93.906,70.5896746316683,2897,2177.6913872164,1.33030787420391
2023,"Defense_IP",106089,109099,94.528,77431.66592,93.653,68.3549454552853,3010,2196.92253126337,1.37009837951321
2024,"Defense_IP",108660,111766,95.127,77922.33078,94.043,67.440178111021,3106,2227.37676608393,1.39446547494559
1925,"Defense_ME",0,0,0,NA,0,NA,0,NA,NA
1926,"Defense_ME",0,0,0,NA,0,NA,0,NA,NA
1927,"Defense_ME",0,0,0,NA,0,NA,0,NA,NA
1928,"Defense_ME",0,0,0,NA,0,NA,0,NA,NA
1929,"Defense_ME",6,6,0.023,98.52165,0.017,0.279144675,0,0,0.0609003198789302
1930,"Defense_ME",10,10,0.042,179.9091,0.047,0.84557277,0,0,0.0555836252863251
1931,"Defense_ME",12,12,0.061,261.29655,0.075,1.6331034375,0,0,0.0459248313841113
1932,"Defense_ME",14,14,0.08,342.684,0.103,2.52117514285714,0,0,0.040853964585449
1933,"Defense_ME",16,16,0.097,415.50435,0.129,3.350003821875,0,0,0.0385074187550624
1934,"Defense_ME",22,22,0.117,501.17535,0.154,3.50822745,0,0,0.043896811764585
1935,"Defense_ME",36,36,0.192,822.4416,0.204,4.6605024,0,0,0.0437721049129811
1936,"Defense_ME",127,128,0.65,2784.3075,0.455,9.9752749015748,1,21.9236811023622,0.0456127780426551
1937,"Defense_ME",256,258,1.279,5478.66045,0.954,20.4165705832031,2,42.802034765625,0.0467267505143525
1938,"Defense_ME",294,297,1.522,6519.5631,1.356,30.069821644898,3,66.5261540816327,0.045095046322966
1939,"Defense_ME",357,361,1.857,7954.55235,1.674,37.2994975739496,4,89.1266369747899,0.0448799610954852
1940,"Defense_ME",552,558,2.816,12062.4768,2.46,53.7566900869565,6,131.11387826087,0.0457617460453893
1941,"Defense_ME",1123,1133,5.238,22437.2349,4.283,85.5731763817454,10,199.79728317008,0.0500507306272396
1942,"Defense_ME",1907,1926,8.052,34491.1446,6.879,124.417715628422,19,343.645384058731,0.0552895539453915
1943,"Defense_ME",2978,3007,12.013,51458.28615,10.049,173.641476669359,29,501.104868485561,0.0578721178416083
1944,"Defense_ME",3337,3374,12.988,55634.7474,12.257,204.3497449451,37,616.867142283488,0.0599805006034772
1945,"Defense_ME",3585,3625,13.434,57545.2107,12.905,207.146706857322,40,642.066507112971,0.0622988421867052
1946,"Defense_ME",4266,4311,14.89,63782.0595,13.831,206.790826287975,45,672.806534810127,0.0668840114828841
1947,"Defense_ME",5571,5637,15.266,65392.6743,14.765,173.312302286753,66,774.711273344103,0.0851930290301646
1948,"Defense_ME",4947,5016,15.521,66484.97955,15.11,203.070151809278,69,927.322334536083,0.0744077840360861
1949,"Defense_ME",5102,5173,16.39,70207.3845,15.669,215.617308453646,71,977.013778812231,0.0726704183090598
1950,"Defense_ME",6260,6337,17.16,73505.718,16.493,193.6629084623,77,904.143815654952,0.0851634426589779
1951,"Defense_ME",7745,7835,18.359,78641.69445,17.553,178.230815065313,90,913.847966494513,0.0984846531368196
1952,"Defense_ME",7192,7291,19.716,84454.4718,18.933,222.327101583621,99,1162.54069913793,0.0851583089292378
1953,"Defense_ME",7608,7713,20.939,89693.25345,20.262,238.875486514708,105,1237.88007521688,0.0848224332083251
1954,"Defense_ME",10256,10369,21.491,92057.77305,21.177,190.084580721514,113,1014.28708606182,0.111408300029478
1955,"Defense_ME",7274,7399,21.92,93895.416,21.688,279.956527661259,125,1613.54509210888,0.0774691705929499
1956,"Defense_ME",8612,8728,22.484,96311.3382,22.173,247.969264039549,116,1297.27301802137,0.0894183401555104
1957,"Defense_ME",9039,9164,23.534,100809.0657,22.972,256.199342544574,125,1394.08487802854,0.089664554841718
1958,"Defense_ME",9830,9964,25.409,108840.72195,24.429,270.48524888266,134,1483.68837653103,0.0903154611976552
1959,"Defense_ME",10697,10842,27.544,117986.1012,26.429,291.507401011012,145,1599.32548134991,0.0906632212710153
1960,"Defense_ME",11317,11473,29.102,124659.8721,28.285,311.567065684236,156,1718.38296788902,0.0907830227109627
1961,"Defense_ME",12069,12235,30.983,132717.22965,30.034,330.270053468233,166,1825.4254803132,0.0909377029028423
1962,"Defense_ME",12896,13074,33.067,141644.14785,32.058,352.111359473891,178,1955.07586207351,0.0910450604260527
1963,"Defense_ME",13143,13329,34.153,146296.08315,33.697,375.084768614894,186,2070.38510734992,0.0898383587380412
1964,"Defense_ME",13957,14150,35.319,151290.70245,34.873,378.015380564509,193,2092.07606024575,0.0922528600500923
1965,"Defense_ME",14640,14843,36.565,156628.00575,36.114,386.370478118545,203,2171.82275732582,0.0934698742405459
1966,"Defense_ME",15694,15912,37.898,162337.9779,37.423,387.101704278814,218,2254.98146949153,0.0966748520772353
1967,"Defense_ME",16477,16703,39.397,168759.01935,38.846,397.864469604303,226,2314.71374480185,0.0976362630184957
1968,"Defense_ME",18490,18736,40.851,174987.30105,40.328,381.659701284175,246,2328.11660672255,0.105664810469399
1969,"Defense_ME",20531,20812,42.71,182950.4205,41.981,374.089990892334,281,2503.97292681798,0.112221660621983
1970,"Defense_ME",21899,22201,44.6,191046.33,43.85,382.546306703502,302,2634.64047034111,0.11462664579843
1971,"Defense_ME",24543,24876,46.435,198906.64425,45.71,370.452785261276,333,2698.77001732673,0.123389543333468
1972,"Defense_ME",27490,27854,48.002,205618.9671,47.414,354.645969664584,364,2722.63746905784,0.133693892094257
1973,"Defense_ME",31049,31467,49.485,211971.47175,48.943,334.133780213864,418,2853.68531004219,0.146477258206799
1974,"Defense_ME",34698,35165,50.898,218024.1279,50.394,316.649602322687,467,2934.38433711741,0.159147523414999
1975,"Defense_ME",37990,38512,52.597,225301.87935,51.943,308.050948119954,522,3095.75101396947,0.168618211750394
1976,"Defense_ME",42407,42976,53.925,230990.43375,53.445,291.114290842756,569,3099.33635493551,0.18358768937547
1977,"Defense_ME",48797,49449,55.167,236310.60285,54.722,265.003766812667,652,3157.45871791709,0.206495178005086
1978,"Defense_ME",56455,57198,56.207,240765.49485,55.853,238.198125655071,743,3168.69653128244,0.234481274134286
1979,"Defense_ME",67256,68169,57.194,244993.3587,56.865,207.142074201194,913,3325.78411581272,0.274521727269989
1980,"Defense_ME",73672,74676,58.458,250407.7659,57.981,197.074772975457,1004,3412.5501813932,0.294208127831869
1981,"Defense_ME",80744,81836,59.953,256811.67315,59.362,188.804797155582,1092,3473.1787758818,0.314409384159257
1982,"Defense_ME",85611,86811,61.347,262782.94185,60.807,186.647070412365,1200,3683.39968251743,0.32578598670559
1983,"Defense_ME",95947,97204,63.023,269962.17165,62.34,175.403522576641,1257,3536.76977668973,0.355409053844748
1984,"Defense_ME",99391,100778,64.44,276031.962,63.888,177.431859909408,1387,3852.02212769768,0.360070621097132
1985,"Defense_ME",100309,101737,66.197,283558.15935,65.473,185.082129889866,1428,4036.73699819358,0.353751061968868
1986,"Defense_ME",103813,105252,68.078,291615.5169,67.291,189.023530268058,1439,4042.21753363355,0.355992716380724
1987,"Defense_ME",113324,114877,70.044,300036.9762,69.21,183.24061207513,1553,4111.72764849988,0.377700113616863
1988,"Defense_ME",128496,130195,71.784,307490.3532,71.063,170.053441114522,1699,4065.6993998786,0.417886280537792
1989,"Defense_ME",137294,139182,73.305,314005.63275,72.694,166.258725560684,1888,4318.05202435649,0.437234194806017
1990,"Defense_ME",141753,143737,74.996,321249.1158,74.298,168.378565573275,1984,4496.25930842522,0.441255689208655
1991,"Defense_ME",142628,144673,76.425,327370.30875,75.852,174.101106790427,2045,4693.83488090522,0.435677873612293
1992,"Defense_ME",150951,153018,77.992,334082.6316,77.342,171.172227366544,2067,4574.65534853827,0.451837317244121
1993,"Defense_ME",161610,163827,79.348,339891.1254,78.798,165.724527561841,2217,4662.69800762205,0.475475785988262
1994,"Defense_ME",172428,174794,80.469,344692.98495,80.031,159.986337941248,2366,4729.76316138736,0.500236464124768
1995,"Defense_ME",178667,181167,81.849,350604.28395,81.276,159.490637791647,2500,4905.83437274371,0.509597310070176
1996,"Defense_ME",186467,189059,83.21,356434.1955,82.64,157.967479050556,2592,4954.64309897194,0.523145653122387
1997,"Defense_ME",194940,197649,84.656,362628.2088,84.038,156.327841444211,2709,5039.29320631579,0.537575387874789
1998,"Defense_ME",204823,207647,85.975,368278.21125,85.416,153.580660824859,2824,5077.64102942541,0.556163774405212
1999,"Defense_ME",217601,220598,87.178,373431.3219,86.674,148.743739203223,2997,5143.2377228703,0.582706878718306
2000,"Defense_ME",229376,232553,88.223,377907.63165,87.8,144.654584868818,3177,5234.25530897762,0.606963132759481
2001,"Defense_ME",244030,247407,89.389,382902.25095,88.909,139.505209317353,3377,5298.77843485698,0.637316702616788
2002,"Defense_ME",257405,260920,90.634,388235.2707,90.119,135.923444999955,3515,5301.55582257726,0.663012918779613
2003,"Defense_ME",275468,279224,91.782,393152.7861,91.319,130.332086753692,3756,5360.62941826855,0.700663990538105
2004,"Defense_ME",302804,306933,92.934,398087.4357,92.471,121.568880419726,4129,5428.27380749693,0.76064696557817
2005,"Defense_ME",331729,336215,93.896,402208.2108,93.529,113.400190359942,4486,5439.09647226742,0.8247693385975
2006,"Defense_ME",346735,351564,94.722,405746.4231,94.425,110.495352361941,4829,5650.85577501521,0.854560829768656
2007,"Defense_ME",344499,349419,95.53,409207.5315,95.244,113.134035600063,4920,5844.14194229882,0.841868669272037
2008,"Defense_ME",335632,340446,96.619,413872.31745,96.193,118.616877510094,4814,5936.20791880482,0.810955422358123
2009,"Defense_ME",329473,334160,97.692,418468.5666,97.268,123.541536138162,4687,5953.02853846658,0.787330342818633
2010,"Defense_ME",332205,336876,98.913,423698.78115,98.404,125.505801719675,4671,5957.45701224139,0.784059371373058
2011,"Defense_ME",336676,341432,99.761,427331.23155,99.424,126.195453093262,4756,6036.6267190171,0.787857229107316
2012,"Defense_ME",347231,352055,100.076,428680.5498,99.989,123.443297096032,4824,5955.55976348655,0.809999427690386
2013,"Defense_ME",370984,376063,100.127,428899.01085,100.155,115.790385654588,5079,5871.89225440221,0.864968187417306
2014,"Defense_ME",384773,390158,100.093,428753.37015,100.15,111.597357456273,5385,6000.51692363484,0.897422683500742
2015,"Defense_ME",392203,397710,100.042,428534.9091,100.094,109.366254698346,5507,6017.14353131848,0.915218321008425
2016,"Defense_ME",415504,421243,99.995,428333.58225,100.033,103.121734648076,5739,5916.20400413173,0.970047685304974
2017,"Defense_ME",428355,434335,100,428355,100,100,5980,5980,1
2018,"Defense_ME",448937,455179,100.133,428924.71215,100.056,95.5957985171202,6242,5963.75004341433,1.04665687772963
2019,"Defense_ME",461991,468444,100.319,429721.45245,100.203,93.2039340589911,6453,6002.26526633603,1.07509410425293
2020,"Defense_ME",481636,488224,100.409,430106.97195,100.332,89.5977308791025,6588,5883.16639787433,1.11980514479079
2021,"Defense_ME",530697,537757,100.308,429674.3334,100.326,81.2280965837162,7060,5716.06923311042,1.23511450125636
2022,"Defense_ME",563793,571537,100.078,428689.1169,100.162,76.1597950434606,7744,5888.27552182024,1.31515585018109
2023,"Defense_ME",570888,578828,99.951,428145.10605,99.986,74.9858406088678,7940,5954.70940366061,1.33339840146002
2024,"Defense_ME",598458,606657,99.904,427943.7792,99.903,71.438375580939,8199,5862.91944574356,1.39845005135665
1925,"Defense_NRC",35580,36238,7.111,867451.97474,7.925,193.214078128569,658,16042.2540578673,0.0410166799270523
1926,"Defense_NRC",36177,36845,7.418,904902.08812,8.268,206.809035148745,668,16708.8093226127,0.0399789109506426
1927,"Defense_NRC",37661,38355,7.775,948451.5685,8.645,217.714978616672,694,17477.6396946178,0.0397078788741547
1928,"Defense_NRC",38008,38706,8.161,995538.68174,9.071,237.595542571657,698,18282.6247067596,0.0381783256614095
1929,"Defense_NRC",40049,40771,8.8,1073488.592,9.478,254.051908286749,722,19352.7619522085,0.0373073363782891
1930,"Defense_NRC",39708,40421,9.317,1136556.04678,10.001,286.257102444011,713,20408.0905951984,0.034937124405345
1931,"Defense_NRC",37390,38066,9.853,1201941.26102,10.598,340.683965880983,676,21730.7379633463,0.0311080093616803
1932,"Defense_NRC",32088,32661,10.287,1254883.76658,11.147,435.932103779209,573,22408.6386889286,0.0255704957340002
1933,"Defense_NRC",37068,37735,10.591,1291967.91794,11.563,403.01675394249,667,23247.615227851,0.028691114914915
1934,"Defense_NRC",44531,45341,10.947,1335395.41098,11.919,357.426913913243,810,24290.2760524983,0.033346677421424
1935,"Defense_NRC",44647,45450,11.327,1381750.60018,12.312,381.035979783998,803,24851.5181746711,0.0323119092506157
1936,"Defense_NRC",51390,52307,11.993,1462994.16862,12.885,366.816109411728,917,26105.5779845211,0.0351265925061579
1937,"Defense_NRC",54613,55592,12.54,1529721.2436,13.568,380.042441051852,979,27421.9892238917,0.035701275790271
1938,"Defense_NRC",57027,58048,13.15,1604133.521,14.228,400.224660893752,1021,28720.0856601434,0.035550033244396
1939,"Defense_NRC",58643,59688,13.834,1687572.86156,14.948,430.159424562162,1045,30072.0229239671,0.034749907003002
1940,"Defense_NRC",61796,62886,14.49,1767596.5566,15.655,447.791509055165,1090,31178.0737700498,0.0349604663854209
1941,"Defense_NRC",74672,75953,15.85,1933499.339,16.649,431.096401529502,1281,33169.2288040899,0.0386201321582143
1942,"Defense_NRC",100146,101809,18.494,2256033.86596,18.538,417.613841862545,1663,37463.1469963002,0.0443902910816391
1943,"Defense_NRC",112800,114774,19.669,2399368.99046,20.306,431.928960286177,1974,41988.95733305,0.0470123605199942
1944,"Defense_NRC",113074,115067,20.033,2443772.38222,21.009,454.04968408352,1993,43073.0172963233,0.0462702667493443
1945,"Defense_NRC",119019,121027,20.209,2465242.15406,21.257,440.296528023706,2008,41591.7311131204,0.0482788272154068
1946,"Defense_NRC",129798,132099,20.063,2447432.00242,21.225,400.212208596161,2301,43386.9631085873,0.0530343641300992
1947,"Defense_NRC",151959,154702,20.071,2448407.90114,21.101,339.985490309591,2743,44196.0191421832,0.0620644133394793
1948,"Defense_NRC",161517,164550,20.263,2471829.47042,21.168,323.951573084261,3033,46416.5306672602,0.0653430998913351
1949,"Defense_NRC",154772,157805,20.693,2524284.02662,21.453,349.891874648379,3033,49467.3032120698,0.0613132271835665
1950,"Defense_NRC",170048,172999,21.226,2589303.27884,21.917,333.727888374672,2951,44934.5712731513,0.0656732648468205
1951,"Defense_NRC",192246,195855,21.916,2673474.54344,22.531,313.3280013017,3609,50188.662584787,0.071908670487146
1952,"Defense_NRC",202418,206268,22.741,2774114.09894,23.307,319.419603513495,3850,52763.7822768677,0.0729667175828654
1953,"Defense_NRC",201334,205357,23.606,2879633.14804,24.182,345.869494401856,4023,57540.0287808563,0.0699165447991306
1954,"Defense_NRC",210303,214227,24.558,2995765.09572,25.148,358.233123765075,3924,55897.3587424111,0.0702000968969351
1955,"Defense_NRC",226696,230783,25.501,3110799.15734,26.142,358.729362543593,4087,56083.1958042867,0.0728738785546813
1956,"Defense_NRC",254760,259374,26.453,3226931.10502,27.095,343.200260207713,4614,58443.4766782944,0.078948075341206
1957,"Defense_NRC",266891,271906,27.46,3349772.3564,28.086,352.509850095546,5015,62943.7049857283,0.0796743693612744
1958,"Defense_NRC",282767,287990,28.622,3491521.64548,29.186,360.379926741732,5223,64492.0289649854,0.0809867526859128
1959,"Defense_NRC",287588,292972,29.798,3634978.75732,30.365,383.79949777467,5384,68051.259542856,0.0791168309913407
1960,"Defense_NRC",297887,303403,30.947,3775142.21098,31.535,399.645199767879,5516,69904.6431558466,0.0789074909902985
1961,"Defense_NRC",313383,319130,32.218,3930188.12012,32.759,410.836046074647,5747,72074.0790863884,0.0797374045266901
1962,"Defense_NRC",332400,338463,33.494,4085843.96596,34.049,418.528583625066,6063,74526.0889458949,0.0813540611852269
1963,"Defense_NRC",351295,357729,34.845,4250648.8623,35.374,428.023321866238,6434,77851.0220186402,0.0826450293543928
1964,"Defense_NRC",370371,377149,36.256,4422772.99904,36.752,438.8727877202,6778,80939.2619494861,0.0837418063464691
1965,"Defense_NRC",398450,405674,37.763,4606607.92042,38.188,441.503684941646,7224,83518.975071186,0.0864953143144147
1966,"Defense_NRC",434119,441963,39.358,4801177.72772,39.709,439.165220573238,7844,86751.416308053,0.0904192730657684
1967,"Defense_NRC",471853,480296,40.965,4997211.3831,41.28,437.180405538098,8443,89416.5252896841,0.0944232620608672
1968,"Defense_NRC",517283,526493,42.599,5196538.69666,42.869,430.654820257224,9210,92522.1230858903,0.0995437598362303
1969,"Defense_NRC",578301,588527,44.071,5376104.06114,44.393,412.694059989846,10226,95064.7502411679,0.107568788368537
1970,"Defense_NRC",651591,663088,45.341,5531027.98294,45.74,388.263834122441,11497,97592.2453193202,0.117806491308628
1971,"Defense_NRC",715605,728408,46.558,5679486.57572,46.968,372.767274527731,12803,101612.574854764,0.125998184952005
1972,"Defense_NRC",789015,802897,47.662,5814160.59908,48.125,354.627578475346,13882,102294.858065345,0.135705745748552
1973,"Defense_NRC",903699,919295,48.736,5945175.00224,49.209,323.731814116457,15596,102601.584526413,0.152005449740253
1974,"Defense_NRC",1131049,1150095,49.748,6068626.19032,50.237,269.545858687913,19046,102191.02304218,0.186376449055986
1975,"Defense_NRC",1175812,1197248,50.722,6187441.85948,51.201,269.433557955894,21436,112802.049732281,0.190032007848041
1976,"Defense_NRC",1236554,1258682,51.651,6300768.09834,52.121,265.5786435963,22128,112751.563199074,0.196254485278673
1977,"Defense_NRC",1306972,1330391,52.467,6400309.76778,52.969,259.39194419585,23419,114684.059376666,0.204204491254387
1978,"Defense_NRC",1434708,1459908,53.434,6518271.52556,53.841,244.614414367018,25200,114490.504300605,0.220105590013258
1979,"Defense_NRC",1645682,1673968,54.422,6638795.01748,54.799,221.06295636878,28286,114107.680502332,0.247888659864766
1980,"Defense_NRC",1892751,1925121,55.401,6758220.62334,55.762,199.102733745054,32370,115579.704661372,0.280066470967705
1981,"Defense_NRC",2072647,2109286,56.223,6858494.21682,56.636,187.411401200406,36639,121240.312320462,0.302201464997517
1982,"Defense_NRC",2177401,2216966,56.891,6939981.75994,57.344,182.771255291055,39565,126104.644175338,0.313747366393485
1983,"Defense_NRC",2206162,2246330,57.538,7018907.56892,57.971,184.434819690422,40168,127794.549642492,0.314317004225696
1984,"Defense_NRC",2281472,2322647,58.33,7115521.5422,58.675,182.997304586068,41175,128417.793205477,0.320633137918181
1985,"Defense_NRC",2374246,2416918,59.277,7231043.55318,59.533,181.314706164174,42672,129962.56095674,0.328340713555221
1986,"Defense_NRC",2518081,2562977,60.338,7360472.12092,60.533,176.940876364045,44896,131233.171745001,0.342108625456659
1987,"Defense_NRC",2650794,2698389,61.446,7495634.09364,61.61,174.214222798588,47595,134584.092421665,0.353645064164643
1988,"Defense_NRC",2776430,2826287,62.547,7629942.15498,62.694,172.290168837074,49857,137012.647904265,0.363886113892469
1989,"Defense_NRC",2917308,2969462,63.614,7760102.64676,63.75,169.576384711847,52154,138730.772835477,0.375936779807679
1990,"Defense_NRC",3048746,3103611,64.839,7909537.13826,64.871,168.298567245702,54865,142339.425813313,0.385451885073352
1991,"Defense_NRC",3136242,3193117,66.097,8062997.21198,66.093,169.919181852483,56875,146220.529675759,0.388967268318061
1992,"Defense_NRC",3269948,3328402,67.35,8215847.349,67.33,169.168745805184,58454,146867.516223024,0.398004960547132
1993,"Defense_NRC",3423084,3484298,68.54,8361012.2836,68.544,167.421315389011,61214,149517.512841721,0.409410234537548
1994,"Defense_NRC",3624048,3688285,69.675,8499467.9145,69.703,163.47421779303,64237,150654.825880821,0.426385279226411
1995,"Defense_NRC",3826226,3894382,70.958,8655977.67172,70.902,160.399863698666,68156,154187.654935633,0.442032794573938
1996,"Defense_NRC",4011947,4083555,72.423,8834689.12482,72.258,159.11899304284,71608,157687.6311801,0.454112979338335
1997,"Defense_NRC",4236913,4312435,73.79,9001445.8186,73.658,156.488579328025,75522,160448.701946986,0.470692496003822
1998,"Defense_NRC",4443661,4522852,75.229,9176985.60086,75.061,155.014911395391,79191,163544.128752779,0.484217933128671
1999,"Defense_NRC",4719141,4802859,76.757,9363382.25638,76.554,151.892974855999,83718,166107.271585999,0.503999609412986
2000,"Defense_NRC",5027756,5116978,78.33,9555268.3422,78.109,148.446435137445,89222,169566.731565288,0.526176327021122
2001,"Defense_NRC",5282993,5377295,79.988,9757523.35192,79.724,147.247742275727,94302,174172.853746496,0.541427656328433
2002,"Defense_NRC",5541067,5639976,81.796,9978076.46264,81.462,146.692697417227,98909,178110.382863672,0.55532416701224
2003,"Defense_NRC",5784004,5887540,83.614,10199849.44676,83.28,146.860801259158,103536,182581.411133143,0.567067585672777
2004,"Defense_NRC",6500520,6612217,85.321,10408081.83614,85.036,136.152438115412,111697,178839.772333802,0.624564651041485
2005,"Defense_NRC",7171867,7296858,86.636,10568495.18824,86.531,127.512467413798,124991,184187.294894524,0.67860815303019
2006,"Defense_NRC",7999332,8137376,88.148,10752940.04632,87.927,118.19408913804,138044,185562.851467372,0.743920450178426
2007,"Defense_NRC",8658500,8811030,89.652,10936409.00568,89.418,112.942405782745,152530,192658.135431815,0.791713257569561
2008,"Defense_NRC",9252263,9416754,91.121,11115608.40814,90.905,109.21267395252,164491,197618.414291007,0.8323667639483
2009,"Defense_NRC",9245147,9415031,92.592,11295051.78528,92.359,112.837544696334,169884,207551.98132496,0.818513024619198
2010,"Defense_NRC",9578603,9751453,93.975,11463760.2765,93.771,112.225996305273,172850,206868.471716912,0.83555506822971
2011,"Defense_NRC",10134420,10315702,95.144,11606363.47696,95.028,108.830057219708,181282,207611.761090448,0.873177892465458
2012,"Defense_NRC",10483436,10673496,95.979,11708222.90586,96.01,107.226913121959,190060,212264.838120608,0.895390879067822
2013,"Defense_NRC",10863592,11059785,96.713,11797761.61342,96.825,105.151064971824,196193,213063.804699377,0.920818063287753
2014,"Defense_NRC",11141087,11343816,97.428,11884982.56152,97.537,104.049590861554,202729,216265.309634005,0.937408779721014
2015,"Defense_NRC",11338057,11544985,98.238,11983792.30692,98.295,103.893186002567,206928,218713.151158646,0.946115946406454
2016,"Defense_NRC",11693473,11904525,99.111,12090287.25474,99.131,102.494978681665,211052,218213.981910027,0.967179087942313
2017,"Defense_NRC",12198734,12417765,100,12198734,100,100,219031,219031,1
2018,"Defense_NRC",12868264,13098920,100.888,12307058.75792,100.871,96.471856963002,230656,220596.728887968,1.04560027323497
2019,"Defense_NRC",13345351,13586419,101.879,12427948.21186,101.812,94.8131123224777,241068,224496.202425599,1.0738177189429
2020,"Defense_NRC",13804846,14050808,102.892,12551521.38728,102.814,93.4796461990091,245962,223631.419246413,1.09985439804852
2021,"Defense_NRC",15517633,15783651,103.589,12636546.56326,103.667,84.4196323352585,266018,216627.680501614,1.22799634554559
2022,"Defense_NRC",17235233,17537012,104.142,12704005.56228,104.296,76.8760691615573,301779,222439.818166618,1.35667706657606
2023,"Defense_NRC",17663871,17982741,104.958,12803547.23172,104.992,76.1027993780495,318870,231130.939859024,1.37960759470148
2024,"Defense_NRC",18216189,18543295,105.936,12922850.85024,105.903,75.1292530832309,327106,232054.138778347,1.40961071292266
1925,"Defense_Total",2745,2971,2.379,24126.91398,1.129,9.923237116,226,1986.405304,0.113773357101346
1926,"Defense_Total",2720,2953,2.355,23883.5151,1.163,10.2119588460662,233,2045.90405084559,0.113886083711355
1927,"Defense_Total",2711,2950,2.381,24147.19722,1.206,10.7419844512431,239,2128.80123038731,0.112269758485867
1928,"Defense_Total",2694,2942,2.402,24360.17124,1.263,11.4205257149666,248,2242.51019581292,0.110590355603756
1929,"Defense_Total",2495,2749,2.429,24633.99498,1.359,13.4178754219719,254,2507.82954906613,0.101282800537455
1930,"Defense_Total",2421,2675,2.421,24552.86202,1.406,14.25911772,254,2575.97148,0.0986035761545
1931,"Defense_Total",2387,2638,2.439,24735.41118,1.451,15.0360626821031,251,2601.00050531211,0.0965013268883934
1932,"Defense_Total",2337,2592,2.415,24492.0123,1.483,15.5420001030809,255,2672.42752952503,0.0954188643780813
1933,"Defense_Total",2344,2596,2.388,24218.18856,1.494,15.4359956094881,252,2603.66191003413,0.0967867598434455
1934,"Defense_Total",2497,2769,2.418,24522.43716,1.523,14.9570171384381,272,2671.2466589988,0.101825115656653
1935,"Defense_Total",2636,2928,2.535,25709.0067,1.605,15.6536250961684,292,2847.88693338392,0.102532160450991
1936,"Defense_Total",2749,3056,2.613,26500.05306,1.712,16.5034888463878,307,2959.44572186977,0.103735641350448
1937,"Defense_Total",2979,3320,2.713,27514.21506,1.802,16.6433754743605,341,3149.4955808862,0.108271306068653
1938,"Defense_Total",3113,3472,2.853,28934.04186,1.92,17.8456024321234,359,3336.75587142306,0.107589531219404
1939,"Defense_Total",3303,3686,3.016,30587.12592,2.059,19.0671790097729,383,3546.73606641235,0.107986608766019
1940,"Defense_Total",3652,4073,3.146,31905.53652,2.189,19.1241017092771,421,3678.04788469879,0.11446289259893
1941,"Defense_Total",7104,7824,5.994,60788.87028,3.446,29.48739400125,720,6161.03415,0.116863497664593
1942,"Defense_Total",20985,22809,18.993,192619.78866,9.216,84.5929936759857,1824,16742.3633317055,0.10894519273428
1943,"Defense_Total",46538,50760,44.488,451180.39056,22.229,215.507518624742,4222,40931.7892677881,0.103147213340184
1944,"Defense_Total",67446,74242,69.301,702824.40762,38.169,397.741968603739,6796,70818.0570261472,0.0959642255857261
1945,"Defense_Total",78503,86408,78.296,794048.27952,47.314,478.575344855729,7905,79958.111786882,0.0988642655928363
1946,"Defense_Total",70723,79035,63.833,647370.02946,44.307,405.568540577807,8312,76084.7204568743,0.109246639142367
1947,"Defense_Total",60020,67693,50.281,509930.79522,35.434,301.047780703524,7673,65189.9198887548,0.117702246192261
1948,"Defense_Total",50173,56575,39.222,397774.61964,28.17,223.333486840707,6402,50755.4484470787,0.126134241660286
1949,"Defense_Total",42394,47843,33.524,339987.66888,23.326,187.067801205239,5449,43699.4104761787,0.124692757651052
1950,"Defense_Total",38421,43231,27.885,282799.0737,19.981,147.070828234551,4810,35404.1681501523,0.13585970950088
1951,"Defense_Total",42364,47302,29.958,303822.65196,19.256,138.09859753899,4938,35413.9423892569,0.139436607924736
1952,"Defense_Total",48980,54603,33.795,342736.0479,21.693,151.796102227332,5623,39346.7700559759,0.142908807813209
1953,"Defense_Total",56126,62511,37.915,384519.5223,24.449,167.500228070996,6385,43743.6687076489,0.145963980357311
1954,"Defense_Total",62793,69855,39.983,405492.39246,26.13,168.737219355339,7062,45603.6067006278,0.154856172810182
1955,"Defense_Total",68258,75722,40.806,413838.94572,26.547,160.950840810291,7464,45253.2141412593,0.164938560534085
1956,"Defense_Total",72389,80350,41.356,419416.83672,26.578,153.991085473541,7961,46125.4809035616,0.172594406476644
1957,"Defense_Total",74673,83031,41.985,425795.9157,26.729,152.412505601024,8358,47658.4878526455,0.175372748414552
1958,"Defense_Total",76201,84645,42.683,432874.76646,26.951,153.100455779628,8444,47967.8026271078,0.176034747008154
1959,"Defense_Total",80516,89318,44.456,450855.85872,27.568,154.36924727002,8802,49287.5114070923,0.17858479255119
1960,"Defense_Total",83508,92705,45.763,464110.95606,28.525,158.532895310767,9197,51114.006596779,0.179931111105259
1961,"Defense_Total",87508,97042,47.702,483775.55724,29.495,163.058921022007,9534,52707.3657577154,0.180885533984487
1962,"Defense_Total",94576,104684,49.855,505610.4651,30.774,164.520136747033,10108,54038.134211965,0.187053090329716
1963,"Defense_Total",96712,107400,50.982,517040.07084,31.855,170.302666231783,10688,57140.0061743933,0.18704933225558
1964,"Defense_Total",98851,109718,51.811,525447.47382,32.493,172.718179551378,10867,57764.0863319738,0.188127272325346
1965,"Defense_Total",100567,111678,51.89,526248.6618,32.82,171.741039111001,11111,58141.8246667376,0.191101673600493
1966,"Defense_Total",104330,115796,52.555,532992.8391,33.309,170.166380500162,11466,58576.5924769539,0.19574371801349
1967,"Defense_Total",110174,122316,53.736,544970.09232,34.386,170.088601616675,12142,60059.78598353,0.202165222555566
1968,"Defense_Total",114054,126921,53.75,545112.075,35.261,168.527161489952,12867,61496.8091344889,0.209230367901867
1969,"Defense_Total",117700,131106,53.252,540061.54824,35.378,162.330479640057,13406,61512.8726907854,0.217938122763176
1970,"Defense_Total",123242,137175,52.582,533266.66284,35.061,151.708528471083,13933,60287.9246794901,0.231107640113211
1971,"Defense_Total",123341,137474,50.361,510742.12482,33.94,140.54197482095,14133,58523.2684191069,0.24149368929275
1972,"Defense_Total",127715,141956,48.579,492669.75798,32.407,125.012323116767,14241,54935.6772766956,0.259230443783774
1973,"Defense_Total",135902,150550,47.193,478613.47266,31.251,110.058348178082,14648,51586.6591185095,0.283949382462417
1974,"Defense_Total",149088,164868,46.599,472589.35038,30.627,97.0835616152089,15780,50020.5244486236,0.315470502837445
1975,"Defense_Total",165004,182549,46.216,468705.10992,30.505,86.6515319514048,17545,49837.7684998327,0.352042246836531
1976,"Defense_Total",180660,200102,46.178,468319.72836,30.587,79.2898014576958,19442,50398.9381090176,0.385762095977997
1977,"Defense_Total",198241,219556,46.116,467690.94792,30.777,72.6092196071138,21315,50286.4319435172,0.423871791578719
1978,"Defense_Total",221834,245557,45.988,466392.82056,30.975,65.1230993303371,23723,49876.1996905113,0.475637681844336
1979,"Defense_Total",236059,261989,46.316,469719.27192,31.274,62.2302073211616,25930,51596.5107065844,0.502553363491128
1980,"Defense_Total",259912,288163,46.879,475429.00398,31.887,58.3274517910303,28251,51676.5089393294,0.546689406460641
1981,"Defense_Total",286489,317926,47.652,483268.47624,32.705,55.1689437131241,31437,53029.9979669617,0.592815410243569
1982,"Defense_Total",314838,350316,48.753,494434.39986,33.801,53.0824651079853,35478,55716.0941126328,0.636763947025423
1983,"Defense_Total",344790,383452,50.512,512273.50944,35.383,52.5704735767149,38662,57442.2646305556,0.673058422202844
1984,"Defense_Total",403864,447724,52.577,533215.95474,37.515,49.5305264694826,43860,57907.7406624418,0.757411694848717
1985,"Defense_Total",399795,446116,55.368,561521.21616,40.216,56.4842912720033,46321,65058.9033223211,0.711985564381742
1986,"Defense_Total",412626,461883,58.858,596915.46996,43.447,62.8515566720277,49257,71256.4533107941,0.691263706111772
1987,"Defense_Total",430499,482726,62.503,633881.67486,46.776,68.8746064990891,52227,76900.8481620474,0.679147255826698
1988,"Defense_Total",465756,521750,65.122,660442.57764,49.661,70.4193587375794,55994,79399.560483116,0.705218009511613
1989,"Defense_Total",498055,558558,67.875,688362.4575,52.22,72.173329312325,60503,83621.2742892301,0.723535972326033
1990,"Defense_Total",534014,598864,70.778,717803.58036,54.824,73.692568902045,64850,87169.1794341459,0.74395560932167
1991,"Defense_Total",558687,627880,72.852,738837.30024,57.082,75.4882622511347,69193,91504.490556441,0.756170539601234
1992,"Defense_Total",584935,656789,74.511,755662.24782,58.706,75.8407479814354,71854,92826.3057516789,0.774069369863945
1993,"Defense_Total",608257,682812,75.158,762223.87596,59.752,74.8769040658175,74555,93426.9578027015,0.798003079126742
1994,"Defense_Total",633861,711794,75.083,761463.25446,60.344,72.4918217513528,77933,93621.654920923,0.83242493487031
1995,"Defense_Total",641235,720646,75.042,761047.44804,60.883,72.2587690612947,79411,94248.6590661839,0.84256901675636
1996,"Defense_Total",633541,713453,75.067,761300.98854,61.619,74.0450982854247,79912,96027.0678554482,0.832182027262287
1997,"Defense_Total",628904,708172,74.626,756828.53412,62.326,75.0036495515423,79268,95391.7994521011,0.830972897621066
1998,"Defense_Total",638979,719086,74.522,755773.80564,63.185,74.7341742206918,80107,94749.236279132,0.845463279134031
1999,"Defense_Total",660451,742004,74.917,759779.74554,64.774,74.5157070511029,81553,93818.1902791027,0.869266394474093
2000,"Defense_Total",654941,739082,75.195,762599.1159,66.547,77.4858855466329,84141,97971.9581014807,0.858827379083774
2001,"Defense_Total",650599,735983,75.515,765844.4343,67.89,79.9158600683785,85384,100508.702254801,0.849518480335583
2002,"Defense_Total",666566,753149,76.676,777618.85512,69.546,81.1326723807928,86583,101008.112224228,0.857188577168872
2003,"Defense_Total",685517,774217,77.812,789139.73544,71.557,82.3735546293966,88700,102107.890152291,0.86868899031903
2004,"Defense_Total",711094,803231,79.377,805011.37074,73.711,83.4463420428469,92137,104305.946423217,0.883334106630485
2005,"Defense_Total",735274,831175,81.365,825172.9113,76.268,85.5929729584188,95901,107626.418677366,0.891054456503703
2006,"Defense_Total",767890,867789,83.871,850587.81102,79.592,88.1636498127386,99899,110657.609466313,0.902775692352291
2007,"Defense_Total",803489,908429,86.8,880292.616,83.591,91.5812662824955,104940,114970.966774953,0.912752175124459
2008,"Defense_Total",855124,967047,90.337,916163.52594,88.279,94.5804350087908,111923,119912.165152402,0.93337485698596
2009,"Defense_Total",885683,1004029,93.403,947257.73286,92.931,99.3917782913443,118346,126573.687936936,0.934996853840305
2010,"Defense_Total",923473,1046629,96.007,973666.51134,96.549,101.79672605844,123156,129849.895850327,0.948448970201387
2011,"Defense_Total",954867,1082815,97.664,990471.17568,99.055,102.748468956391,127948,132718.803755816,0.9640532944782
2012,"Defense_Total",968931,1099848,98.86,1002600.5532,100.478,103.969527638634,130917,135466.257786452,0.96641777915189
2013,"Defense_Total",981145,1112638,99.129,1005328.64898,101.189,103.68314638676,131493,134734.0913324,0.975944534153546
2014,"Defense_Total",990179,1122035,99.025,1004273.9205,100.563,101.994486115381,131856,133732.933198389,0.98596506370196
2015,"Defense_Total",987932,1119253,98.984,1003858.11408,99.902,101.512485993793,131321,133437.980953243,0.984135094535152
2016,"Defense_Total",996434,1127540,99.182,1005866.15484,99.607,100.549870924866,131106,132347.037632651,0.990622852956514
2017,"Defense_Total",1014162,1146589,100,1014162,100,100,132427,132427,1
2018,"Defense_Total",1045320,1180828,101.331,1027660.49622,101.211,99.5011541756806,135508,133218.74499845,1.01718418081162
2019,"Defense_Total",1075597,1214283,103.542,1050083.61804,103.111,100.665185882559,138686,135396.339569091,1.02429652412597
2020,"Defense_Total",1111294,1253888,106.116,1076188.14792,105.687,102.348340573441,142594,138089.445965248,1.03262055259375
2021,"Defense_Total",1190815,1341194,107.929,1094574.90498,108.318,99.5638823474878,150379,138225.567897606,1.0879246313634
2022,"Defense_Total",1263533,1426711,108.951,1104939.64062,110.1,96.2807100663473,163178,142696.582263455,1.14353124238625
2023,"Defense_Total",1314629,1484842,110.472,1120365.04464,111.674,95.1718287023391,170213,145060.465989498,1.17339344554651
2024,"Defense_Total",1347534,1537508,111.165,1127393.1873,122.264,102.290258095193,189974,158938.767677944,1.19526533881867
1925,"Nondefense_IP",5779,5882,7.753,197549.07602,7.674,262.327670769593,103,3520.94736633674,0.0292534904056698
1926,"Nondefense_IP",6071,6180,8.146,207562.84964,8.078,276.180645592476,109,3726.6266860089,0.0292489721090726
1927,"Nondefense_IP",6263,6376,8.494,216430.00796,8.454,292.144225976982,113,3904.93228476449,0.0289377617227529
1928,"Nondefense_IP",6458,6574,8.856,225653.89104,8.815,308.011621170269,116,4053.2442490926,0.0286190500426835
1929,"Nondefense_IP",6676,6796,9.328,237680.61152,9.235,328.786765636189,120,4272.26982959856,0.0280881135289331
1930,"Nondefense_IP",6436,6552,9.713,247490.54242,9.625,370.120644933577,116,4460.67478569298,0.026005034119962
1931,"Nondefense_IP",5767,5871,10.039,255797.13326,9.984,442.843519762067,104,4612.95333085486,0.0225452096608848
1932,"Nondefense_IP",4838,4926,10.131,258141.32454,10.195,543.974949087495,88,4695.41888373708,0.0187416718676143
1933,"Nondefense_IP",4718,4805,10.069,256561.54346,10.21,555.212666114159,87,4730.9992117465,0.0183893499250622
1934,"Nondefense_IP",5488,5588,10.173,259211.49882,10.231,483.234847745521,100,4723.24159657434,0.0211719002628465
1935,"Nondefense_IP",5460,5560,10.293,262269.13962,10.344,496.870326049319,100,4803.46409560439,0.0208183090389931
1936,"Nondefense_IP",6011,6119,10.777,274601.62418,10.648,486.434552365437,108,4933.78396463816,0.0218898923775477
1937,"Nondefense_IP",7092,7221,10.984,279876.05456,10.996,433.942060905494,129,5090.80809901861,0.0253397883972229
1938,"Nondefense_IP",7473,7609,11.263,286985.06942,11.242,431.725699239882,136,5222.79799827646,0.0260396821866135
1939,"Nondefense_IP",7717,7856,11.786,300311.28724,11.647,453.249392572798,139,5409.26123187249,0.0256966698485522
1940,"Nondefense_IP",8132,8280,11.945,304362.6613,11.989,448.721587103505,148,5539.31060900148,0.0267181262158322
1941,"Nondefense_IP",8952,9115,12.076,307700.58584,12.132,417.004413249651,163,5602.6804615639,0.0290932172766643
1942,"Nondefense_IP",9438,9610,12.121,308847.20114,12.213,399.655739300998,172,5628.49317610511,0.0305588004850391
1943,"Nondefense_IP",10046,10231,12.053,307114.53802,12.2,372.96410151742,185,5655.60317874776,0.0327109229825707
1944,"Nondefense_IP",10222,10411,11.915,303598.2511,12.096,359.256940452514,189,5613.38969457053,0.0336694956672628
1945,"Nondefense_IP",10733,10931,11.787,300336.76758,11.96,334.671363109736,198,5540.54597790366,0.0357365502947989
1946,"Nondefense_IP",12588,12818,11.715,298502.1831,11.855,281.12038295603,230,5454.04370138227,0.0421705458542089
1947,"Nondefense_IP",17427,17725,11.698,298069.01732,11.807,201.945308285835,298,5096.95111960521,0.0584663248689507
1948,"Nondefense_IP",18525,18859,11.916,303623.73144,11.908,195.171465262484,334,5474.24163567935,0.0610130173690352
1949,"Nondefense_IP",17968,18302,12.364,315038.92376,12.243,214.660593476941,334,5856.13315537845,0.0570342222654627
1950,"Nondefense_IP",20459,20804,12.947,329893.96198,12.763,205.798750513258,345,5562.99999428613,0.0620168974212397
1951,"Nondefense_IP",23745,24157,13.646,347704.71964,13.41,196.366405153607,412,6033.03198533081,0.0682907037459389
1952,"Nondefense_IP",24901,25348,14.363,365974.12342,14.124,207.582768530745,447,6569.63307372154,0.0680403296476321
1953,"Nondefense_IP",25922,26395,15.123,385339.18182,14.867,221.002917063419,473,7031.30287018208,0.0672706052822542
1954,"Nondefense_IP",27269,27756,16.146,411405.56964,15.764,237.830408148629,487,7347.33625782684,0.0662825251098611
1955,"Nondefense_IP",31148,31678,17.306,440962.76404,16.864,238.743933888871,530,7503.21898488506,0.0706363496877359
1956,"Nondefense_IP",35522,36134,18.389,468557.97226,17.996,237.378786914897,612,8072.67268236924,0.0758113234711735
1957,"Nondefense_IP",37882,38562,19.533,497707.48122,19.121,251.218646016779,680,8934.08709227602,0.0761129808761206
1958,"Nondefense_IP",40448,41154,20.722,528003.60548,20.297,264.954736462311,706,9216.04394454312,0.076605537500505
1959,"Nondefense_IP",43831,44614,21.712,553229.14208,21.395,270.04488820245,783,9882.92346167416,0.0792275689512788
1960,"Nondefense_IP",46017,46843,22.76,579932.5384,22.422,282.574860942799,826,10409.7241610361,0.0793488844874237
1961,"Nondefense_IP",48684,49551,23.909,609209.44906,23.53,294.443725585034,867,10849.2439473959,0.0799134026484957
1962,"Nondefense_IP",51377,52296,24.999,636983.01966,24.659,305.727548938162,919,11393.958290043,0.0806567811296183
1963,"Nondefense_IP",54216,55185,26.31,670387.7454,25.87,319.885845018039,969,11981.8084198871,0.0808726000318681
1964,"Nondefense_IP",58680,59714,27.735,706697.2299,27.249,328.166203434647,1034,12452.7085159611,0.0830341446340513
1965,"Nondefense_IP",63406,64525,29.336,747491.25424,28.774,339.215742193196,1119,13191.8542960376,0.0848250727220442
1966,"Nondefense_IP",70590,71819,31.314,797891.36676,30.577,345.617287454604,1229,13891.606314606,0.0884706902979099
1967,"Nondefense_IP",77163,78512,33.477,853005.34218,32.662,361.065024510234,1349,14912.6421549294,0.0904601603113022
1968,"Nondefense_IP",87649,89147,35.519,905036.19646,34.779,359.11709063061,1498,15467.8800932935,0.0968458503017165
1969,"Nondefense_IP",99308,101027,37.226,948531.13684,36.667,350.221444339955,1719,16418.8688144758,0.104696615791487
1970,"Nondefense_IP",111305,113233,38.651,984840.62134,38.244,338.38771593843,1928,17059.1861816048,0.113018287008263
1971,"Nondefense_IP",123990,126155,39.875,1016028.5575,39.577,324.311333334765,2165,17740.9615855109,0.122033971471319
1972,"Nondefense_IP",136496,138876,41.004,1044795.86136,40.761,312.00126087867,2380,18217.4873259055,0.130643702801736
1973,"Nondefense_IP",152973,155628,42.24,1076289.5616,41.952,295.166465247091,2655,18680.0859370477,0.142129967118321
1974,"Nondefense_IP",180880,183927,43.434,1106713.08756,43.175,264.165952871534,3047,18643.0494128445,0.163438927426792
1975,"Nondefense_IP",191400,194836,44.461,1132881.39674,44.292,262.160829803595,3436,20337.4110720932,0.1689497246144
1976,"Nondefense_IP",205379,209007,45.302,1154310.36268,45.232,254.221543218838,3628,20390.7799522008,0.177923552139968
1977,"Nondefense_IP",225599,229532,45.829,1167738.50186,45.92,237.689670634228,3933,20357.8718337199,0.193193081876345
1978,"Nondefense_IP",250682,255049,46.337,1180682.51458,46.44,218.726896933546,4367,20568.0525174159,0.212319566779706
1979,"Nondefense_IP",283833,288732,46.813,1192811.15642,46.934,197.240626760864,4899,20588.0988303037,0.237953005781629
1980,"Nondefense_IP",317128,322633,47.266,1204353.75044,47.402,180.018088842224,5505,20906.2819939337,0.263317982680869
1981,"Nondefense_IP",342337,348385,47.529,1211055.07986,47.763,168.966906233779,6048,21395.4703201619,0.282676655829374
1982,"Nondefense_IP",359021,365477,47.671,1214673.28814,47.966,162.283038983578,6456,21842.5405428424,0.295570013357057
1983,"Nondefense_IP",370362,377031,47.76,1216941.0384,48.082,157.988559863995,6669,21913.1006558167,0.304338491605922
1984,"Nondefense_IP",386841,393795,47.94,1221527.4996,48.217,152.254780253937,6954,21958.6399379032,0.316686280191543
1985,"Nondefense_IP",400571,407787,48.23,1228916.7982,48.453,148.649566801353,7216,22138.056963213,0.325954532143037
1986,"Nondefense_IP",419734,427256,48.641,1239389.21794,48.805,144.111248508726,7522,22210.9376351324,0.33866197472465
1987,"Nondefense_IP",438306,446162,49.033,1249377.51122,49.208,140.265861229629,7856,22393.2816985036,0.350819504964516
1988,"Nondefense_IP",458805,467039,49.607,1264003.22638,49.693,136.903722340649,8234,22684.5883676353,0.362977712734151
1989,"Nondefense_IP",481831,490463,50.308,1281864.94472,50.334,133.90875665438,8632,22964.6041928042,0.375882811980046
1990,"Nondefense_IP",501544,510585,51.104,1302147.29536,51.086,132.633421456066,9041,23472.9429468796,0.385166871510753
1991,"Nondefense_IP",513858,523193,52.183,1329640.58222,52.029,134.62837953739,9335,24154.912125575,0.386463836070685
1992,"Nondefense_IP",537123,546715,53.358,1359579.98172,53.163,134.567595444955,9592,24279.5247730189,0.395065393152147
1993,"Nondefense_IP",566909,577026,54.336,1384499.75424,54.247,132.481506146943,10117,24707.6409329294,0.409468472828438
1994,"Nondefense_IP",603265,613973,55.291,1408833.47894,55.22,128.957895298197,10708,25006.9022610122,0.42820177758261
1995,"Nondefense_IP",633316,644678,56.689,1444454.99426,56.404,128.645162124818,11362,25914.2318286323,0.438446336172939
1996,"Nondefense_IP",668501,680427,58.256,1484382.68704,57.897,128.558228681116,11926,26481.2587051314,0.450356236189371
1997,"Nondefense_IP",716009,728679,60.01,1529075.2034,59.57,127.214895157097,12670,27057.4571368209,0.468262776355216
1998,"Nondefense_IP",770791,784418,61.93,1577997.4562,61.421,125.743790154867,13627,27897.7976333888,0.488461497178933
1999,"Nondefense_IP",828281,842918,64.076,1632678.26584,63.468,125.105880946603,14637,28851.9376601661,0.5073142806699
2000,"Nondefense_IP",890221,905998,66.408,1692098.41872,65.723,124.923793500192,15777,29988.3250924719,0.526104740806633
2001,"Nondefense_IP",960908,977889,69.029,1758882.38986,68.217,124.86697997007,16981,31082.6654187629,0.546317369222444
2002,"Nondefense_IP",1028273,1046454,71.69,1826685.5746,70.876,125.908359730684,18181,32297.8143273261,0.562917348392137
2003,"Nondefense_IP",1089026,1108334,74.406,1895890.17804,73.584,128.102710918652,19308,33613.3825616618,0.574414073459598
2004,"Nondefense_IP",1218402,1239510,77.08,1964024.6072,76.298,122.989907666062,21108,34025.4131302949,0.62035984454238
2005,"Nondefense_IP",1343079,1366624,79.511,2025967.31374,78.869,118.969931081761,23545,35516.4516770855,0.662932215584778
2006,"Nondefense_IP",1526944,1552824,82.172,2093770.49848,81.434,111.663627987156,25880,35487.0777845569,0.729279546687903
2007,"Nondefense_IP",1645209,1674560,84.711,2158465.08174,84.053,110.275026161109,29351,38507.6355734443,0.76221246936909
2008,"Nondefense_IP",1866470,1898098,87.227,2222573.61718,86.6,103.12240499327,31628,37662.3028305674,0.839778707698409
2009,"Nondefense_IP",1892830,1927488,89.328,2276107.81152,88.926,106.932563012646,34658,41675.8739726548,0.831608235084416
2010,"Nondefense_IP",1954480,1989770,91.122,2321819.54148,90.889,107.971356220363,35290,41922.6656802982,0.841788074000856
2011,"Nondefense_IP",2080529,2117503,92.633,2360320.33522,92.556,105.003010747085,36974,41946.2954250694,0.88146043948144
2012,"Nondefense_IP",2132105,2170889,93.829,2390794.82186,93.922,105.317623315332,38784,43489.690409721,0.89179756477022
2013,"Nondefense_IP",2234000,2273885,94.877,2417498.21818,95.055,102.862709547493,39885,43161.1085192969,0.924095820712478
2014,"Nondefense_IP",2303834,2345534,95.898,2443513.64532,96.102,101.928588753592,41700,44228.238236715,0.942836560136456
2015,"Nondefense_IP",2377298,2420283,97.097,2474064.57298,97.222,101.179366623058,42985,44734.6801577023,0.960887612216424
2016,"Nondefense_IP",2419303,2463216,98.498,2509762.52932,98.534,102.218259169693,43913,45554.9395631838,0.963956936856289
2017,"Nondefense_IP",2548034,2593545,100,2548034,100,100,45511,45511,1
2018,"Nondefense_IP",2725855,2774005,101.559,2587757.85006,101.544,96.3995821958588,48150,45710.6267502817,1.05336556120844
2019,"Nondefense_IP",2895140,2946898,103.154,2628398.99236,103.138,93.6354771354842,51758,46989.3252300645,1.10148421469318
2020,"Nondefense_IP",2970342,3024239,104.612,2665549.32808,104.68,93.9385780032785,53897,48366.5221498157,1.11434516281848
2021,"Nondefense_IP",3320370,3376839,105.809,2696049.29506,106.024,86.0885776161818,56469,45851.2779126251,1.23156872765047
2022,"Nondefense_IP",3918248,3984600,106.761,2720306.57874,107.113,74.3649198745403,66352,46065.9412351021,1.44037000484514
2023,"Nondefense_IP",3937883,4009934,107.947,2750526.26198,108.196,75.5725701960135,72051,50326.0680172369,1.4316834761524
2024,"Nondefense_IP",4080436,4153747,109.369,2786759.30546,109.516,74.7946376555734,73311,50068.2063001547,1.46422261585539
1925,"Nondefense_ME",902,918,7.538,23128.92078,7.457,191.211044630222,16,410.269104745011,0.0389987932675171
1926,"Nondefense_ME",954,971,7.973,24463.63563,7.873,201.889102007327,17,435.934806823899,0.0389966566878596
1927,"Nondefense_ME",1007,1025,8.509,26108.24979,8.366,216.903294680377,18,466.681724150943,0.0385701840644141
1928,"Nondefense_ME",1086,1105,9.283,28483.12173,9.031,236.861024257486,19,498.323492513812,0.0381278432292119
1929,"Nondefense_ME",1159,1180,10.137,31103.45847,9.852,264.392815225574,21,563.565684098361,0.0372627372328348
1930,"Nondefense_ME",1173,1194,11.073,33975.39663,10.69,309.63085249335,21,608.255182634271,0.0345249832628665
1931,"Nondefense_ME",1107,1127,12.063,37013.02353,11.661,389.890575775366,20,668.708645528455,0.0299083915450125
1932,"Nondefense_ME",983,1000,12.882,39525.96942,12.573,505.554438980326,17,683.562034730417,0.0248697252572028
1933,"Nondefense_ME",996,1014,13.287,40768.63497,13.19,539.897886801506,18,736.782559698795,0.0244305457058574
1934,"Nondefense_ME",1178,1199,13.66,41913.1146,13.58,483.174954387097,21,747.177764516129,0.0281057614363023
1935,"Nondefense_ME",1181,1202,13.906,42667.91886,13.89,501.826751029128,21,758.701351447926,0.0276788751725868
1936,"Nondefense_ME",1295,1318,14.508,44515.04148,14.315,492.071674738378,23,790.614636324324,0.0290912904255481
1937,"Nondefense_ME",1548,1576,14.972,45938.73732,14.85,440.691375453488,28,830.933233178295,0.0336970515584036
1938,"Nondefense_ME",1658,1688,15.625,47942.34375,15.412,445.649820189988,30,867.4730473462,0.0345832070423132
1939,"Nondefense_ME",1733,1764,16.583,50881.78473,16.223,476.315749379567,31,910.176183860358,0.0340593398835364
1940,"Nondefense_ME",1824,1857,16.769,51452.49039,16.798,473.848099545625,33,930.8838721875,0.0354501791103682
1941,"Nondefense_ME",1994,2031,16.803,51556.81293,16.908,437.172814955085,37,956.671052362086,0.0386757808848135
1942,"Nondefense_ME",2082,2120,16.761,51427.94391,16.903,417.524753079121,38,938.646430634006,0.0404838273068732
1943,"Nondefense_ME",2222,2263,16.755,51409.53405,16.879,390.52273862734,41,948.60076329883,0.0432215549325719
1944,"Nondefense_ME",2300,2342,16.816,51596.70096,16.907,379.280618752487,42,942.200626226087,0.0445764934037752
1945,"Nondefense_ME",2462,2507,16.959,52035.46929,17.009,359.49280956686,45,951.095092627945,0.0473138809660575
1946,"Nondefense_ME",2920,2973,17.096,52455.82776,17.151,308.106130791699,53,952.109202493151,0.0556658835574917
1947,"Nondefense_ME",4100,4170,17.287,53041.87497,17.302,223.8367123734,70,905.592987292683,0.0772974183570796
1948,"Nondefense_ME",4500,4580,18.17,55751.1927,17.834,220.948171247067,80,991.132314666667,0.080715761978667
1949,"Nondefense_ME",4751,4836,20.45,62746.9395,19.428,256.587569060408,85,1122.60363239318,0.0757168403408743
1950,"Nondefense_ME",5769,5863,22.855,70126.22505,21.785,264.811893346204,94,1142.63566557462,0.0822659425327216
1951,"Nondefense_ME",6818,6936,24.591,75452.81121,23.868,264.140172772115,118,1305.87147591376,0.0903611130011335
1952,"Nondefense_ME",7213,7342,26.052,79935.61212,25.477,282.340162204525,129,1429.59849764037,0.0902351256054909
1953,"Nondefense_ME",7450,7585,26.992,82819.82352,26.684,296.639486014454,135,1500.76190271141,0.0899543090453569
1954,"Nondefense_ME",7428,7564,27.86,85483.1166,27.592,317.53502332084,136,1565.11898998385,0.0868943517204425
1955,"Nondefense_ME",8203,8346,28.6,87753.666,28.399,303.805481011094,143,1529.77864659271,0.093477576196076
1956,"Nondefense_ME",9008,9167,29.278,89833.98018,29.111,290.314941942715,159,1585.65750983792,0.100273860536411
1957,"Nondefense_ME",9255,9424,30.083,92303.96973,29.854,297.746376263579,169,1685.50738891086,0.100266543541648
1958,"Nondefense_ME",9471,9641,31.031,95212.72761,30.734,308.971383208293,170,1709.02372439024,0.0994719953701366
1959,"Nondefense_ME",10036,10216,32.096,98480.47776,31.748,311.534297322088,180,1766.28995583898,0.101908522666371
1960,"Nondefense_ME",10347,10534,33.019,101312.52789,32.744,320.612487989771,187,1831.00828408524,0.102129521545788
1961,"Nondefense_ME",10696,10889,33.845,103846.95195,33.623,326.444097364889,193,1873.82776050393,0.10299772693521
1962,"Nondefense_ME",11067,11267,34.738,106586.95278,34.487,332.146402866528,200,1926.21221252372,0.103830719533213
1963,"Nondefense_ME",11428,11635,35.641,109357.63671,35.391,338.66609387501,207,1980.83923687172,0.10450116099624
1964,"Nondefense_ME",12073,12288,36.627,112382.99037,36.343,338.303240206818,215,2001.3536759339,0.107427289132029
1965,"Nondefense_ME",12745,12972,37.782,115926.88842,37.419,340.358433722085,227,2064.7629400816,0.109939981773902
1966,"Nondefense_ME",13579,13821,38.805,119065.76955,38.514,337.705210136881,242,2121.94684668238,0.114046212033238
1967,"Nondefense_ME",14408,14664,40.154,123204.91974,39.705,339.523274450076,256,2189.09352119933,0.116943382053292
1968,"Nondefense_ME",16022,16299,41.641,127767.49671,41.129,327.983358643465,277,2208.93749773249,0.125399654940144
1969,"Nondefense_ME",17992,18305,43.116,132293.25396,42.616,313.35089544016,313,2301.45556299911,0.136000887886846
1970,"Nondefense_ME",20133,20482,44.504,136552.06824,44.053,298.789463178698,349,2367.09242615408,0.147438264828145
1971,"Nondefense_ME",22834,23230,46.541,142802.21571,45.774,286.267347898289,396,2476.55590002452,0.159899479755768
1972,"Nondefense_ME",25358,25798,48.27,148107.3237,47.666,278.400650346407,440,2569.88809953466,0.171213680502148
1973,"Nondefense_ME",28322,28815,49.755,152663.76405,49.281,265.638830455054,493,2657.41245945378,0.185518811069823
1974,"Nondefense_ME",33964,34533,51.588,158287.97628,50.948,237.441285346645,569,2651.8036304122,0.214570940877532
1975,"Nondefense_ME",36182,36829,53.402,163853.89062,52.779,239.015104002901,647,2930.00572746504,0.220818680979087
1976,"Nondefense_ME",39372,40064,55.492,170266.65852,54.739,236.722204122886,692,2992.59696474246,0.231237285926858
1977,"Nondefense_ME",43758,44516,57.287,175774.27497,56.691,227.725659818188,758,3044.85809285753,0.248944278151444
1978,"Nondefense_ME",49358,50210,58.858,180594.58998,58.382,213.612248312581,852,3117.35869895377,0.273308297914496
1979,"Nondefense_ME",56687,57661,60.314,185062.04934,59.903,195.561097634626,974,3179.74907928026,0.306313478112703
1980,"Nondefense_ME",64320,65429,61.845,189759.63195,61.404,181.156723262715,1109,3271.81952475979,0.338955126224885
1981,"Nondefense_ME",70484,71721,63.149,193760.70819,62.829,172.717092316973,1237,3400.51637295031,0.363768282323184
1982,"Nondefense_ME",75005,76344,64.28,197230.9668,64.054,168.434535663052,1339,3520.99546090527,0.38029018067968
1983,"Nondefense_ME",78270,79672,65.146,199888.12326,65.058,166.146946761838,1402,3580.46695810042,0.391569037336911
1984,"Nondefense_ME",82493,83969,65.997,202499.25507,65.92,161.816771049839,1476,3623.20318673488,0.407374338100571
1985,"Nondefense_ME",85933,87476,66.8,204963.108,66.751,159.211157786974,1543,3680.28668432383,0.41926081643922
1986,"Nondefense_ME",90465,92080,67.675,207647.87925,67.593,155.148876384737,1615,3706.9731386586,0.435665417468982
1987,"Nondefense_ME",95116,96816,68.687,210753.00897,68.541,151.869527606426,1700,3766.77020952311,0.451315027314934
1988,"Nondefense_ME",99668,101455,69.559,213428.57529,69.486,148.796985818928,1787,3826.67319544116,0.466985265982188
1989,"Nondefense_ME",104382,106255,70.353,215864.81343,70.321,145.425739545238,1873,3873.4149140119,0.483552638067383
1990,"Nondefense_ME",108491,110448,71.365,218969.94315,71.226,143.757115067627,1957,3949.85923942585,0.49546069400804
1991,"Nondefense_ME",110456,112469,72.421,222210.07851,72.262,145.373222761005,2013,4049.65676867377,0.497079163738422
1992,"Nondefense_ME",114971,117029,73.73,226226.4963,73.447,144.520422312984,2058,4049.49186651764,0.508211910984717
1993,"Nondefense_ME",121386,123553,75.09,230399.3979,74.785,141.947333069312,2167,4113.12256149227,0.526850335141436
1994,"Nondefense_ME",128681,130965,76.127,233581.23537,75.986,137.929482602908,2284,4145.90764436925,0.550904698299781
1995,"Nondefense_ME",133661,136071,77.219,236931.82989,77.053,136.586650470325,2410,4272.04427645237,0.564132729916679
1996,"Nondefense_ME",139271,141771,78.331,240343.79061,78.159,134.881133403846,2500,4314.31867743464,0.579465771287562
1997,"Nondefense_ME",146346,148962,79.455,243792.57105,79.28,132.069718563159,2616,4357.90090516174,0.600289005401996
1998,"Nondefense_ME",153701,156444,80.322,246452.79582,80.278,128.722243465156,2743,4398.27990015849,0.623652896647427
1999,"Nondefense_ME",161424,164309,80.879,248161.84449,80.99,124.508299789654,2885,4435.19502275777,0.650478724204134
2000,"Nondefense_ME",169156,172187,81.242,249275.64102,81.449,120.026789977524,3031,4466.61346881943,0.678590171537973
2001,"Nondefense_ME",176422,179605,81.701,250683.99531,81.858,116.314804775402,3183,4522.83250995754,0.703762518950736
2002,"Nondefense_ME",182569,185838,82.496,253123.30176,82.485,114.361559441491,3269,4532.31421245359,0.721265085950497
2003,"Nondefense_ME",190319,193722,83.246,255424.53426,83.259,111.740768383363,3403,4567.1198886437,0.74510853294254
2004,"Nondefense_ME",207268,210909,83.882,257375.97942,83.953,104.249018663022,3641,4521.22827000897,0.805312137003154
2005,"Nondefense_ME",227501,231473,84.442,259094.23302,84.552,96.2937991055294,3972,4523.59459323449,0.878062770244827
2006,"Nondefense_ME",244746,249088,85.229,261508.99299,85.227,91.0643154354258,4342,4639.38960212866,0.935898980764149
2007,"Nondefense_ME",254336,258919,86.309,264822.76779,86.162,89.7146267863062,4583,4771.96600080826,0.960400807387091
2008,"Nondefense_ME",258210,262921,87.437,268283.82147,87.269,90.6737183527572,4711,4894.7952555872,0.96245087976307
2009,"Nondefense_ME",244912,249497,88.888,272735.93928,88.564,98.6255705167322,4585,5105.89224537303,0.897982131165211
2010,"Nondefense_ME",246636,251110,90.469,277586.93739,90.087,101.39223158279,4474,5035.45288555953,0.888500022079515
2011,"Nondefense_ME",254615,259210,92.305,283220.35455,91.805,102.119060736652,4595,5111.23668737997,0.898999651365276
2012,"Nondefense_ME",263127,267870,94.079,288663.53649,93.615,102.700357502314,4743,5203.30925208006,0.911535288452047
2013,"Nondefense_ME",278336,283281,95.852,294103.65012,95.413,100.818117558992,4945,5225.1327526565,0.946387438192057
2014,"Nondefense_ME",286554,291736,97.103,297942.10593,96.934,100.786309373516,5182,5387.94081719069,0.961777453728962
2015,"Nondefense_ME",290684,295966,98.09,300970.5279,98.058,101.52800988296,5282,5468.91582738575,0.965822142215141
2016,"Nondefense_ME",294778,300146,99.041,303888.49071,99.033,102.093741393467,5368,5533.90489836853,0.970020283793195
2017,"Nondefense_ME",306831,312328,100,306831,100,100,5497,5497,1
2018,"Nondefense_ME",325221,330994,100.916,309641.57196,100.933,96.0978927641163,5773,5496.44947566449,1.05031439396649
2019,"Nondefense_ME",338000,344083,101.7,312047.127,101.791,93.9751156936598,6083,5615.92506964793,1.08316972262975
2020,"Nondefense_ME",345124,351394,102.57,314716.5567,102.621,93.5794895895698,6270,5717.57632186982,1.09661850529518
2021,"Nondefense_ME",390691,397316,103.389,317229.50259,103.471,84.0153826489218,6625,5379.30347681096,1.23157208522608
2022,"Nondefense_ME",463218,471029,104.076,319337.43156,104.231,71.8557133551165,7811,5384.81811569317,1.45055967205951
2023,"Nondefense_ME",464908,473431,104.994,322154.14014,105.035,72.7831315219461,8523,5905.94211416715,1.44312284733626
2024,"Nondefense_ME",479088,487651,106.058,325418.82198,106.025,72.0171045829357,8563,5816.38732887223,1.47221969855648
1925,"Nondefense_NRC",568,578,26.91,17464.8591,16.07,494.120221367958,10,307.479913732394,0.0325224496085399
1926,"Nondefense_NRC",578,589,27.371,17764.05271,16.212,498.254018225813,11,338.070207283737,0.0325376201836321
1927,"Nondefense_NRC",586,597,27.789,18035.33889,16.474,507.020772822287,11,338.547317047782,0.0324917653931592
1928,"Nondefense_NRC",578,589,28.117,18248.21417,16.697,527.146076118495,11,347.284352716263,0.0316743323272822
1929,"Nondefense_NRC",576,587,28.734,18648.65334,16.978,549.682007650208,11,356.137476979167,0.0308869487516572
1930,"Nondefense_NRC",537,547,29.747,19306.10047,17.459,627.681951779758,10,359.517699627561,0.0278150422367506
1931,"Nondefense_NRC",488,497,31.45,20411.3645,18.262,763.836759219262,9,376.439099385246,0.0239082497399917
1932,"Nondefense_NRC",466,474,33.827,21954.06127,19.473,917.406513113112,8,376.893755708155,0.0212261409981935
1933,"Nondefense_NRC",540,549,37.646,24432.63046,21.319,964.591201438407,9,407.210507666667,0.0221015907756663
1934,"Nondefense_NRC",642,653,41.647,27029.31947,23.644,995.453628580498,11,463.119180950156,0.0237519853473396
1935,"Nondefense_NRC",749,762,47.227,30650.79527,26.516,1085.09544376411,13,531.989771041388,0.0244365600762437
1936,"Nondefense_NRC",956,972,54.681,35488.51581,30.84,1144.83873177866,16,593.95005539749,0.0269382919567072
1937,"Nondefense_NRC",1149,1170,60.66,39368.9466,35.618,1220.4030809389,21,719.536883028721,0.0291854392669983
1938,"Nondefense_NRC",1263,1286,66.055,42870.35555,39.723,1348.32868845024,23,780.695310886778,0.0294609173121262
1939,"Nondefense_NRC",1324,1347,68.726,44603.86126,42.281,1424.39264194415,23,774.840490166163,0.02968352879322
1940,"Nondefense_NRC",1372,1396,67.31,43684.8631,42.821,1363.43259679672,24,764.166701457726,0.0314067597478633
1941,"Nondefense_NRC",1504,1530,67.272,43660.20072,42.523,1234.41669894718,26,754.76410819149,0.0344478489607823
1942,"Nondefense_NRC",1531,1560,66.287,43020.92587,42.327,1189.38388589124,29,814.896701652515,0.0355873326535638
1943,"Nondefense_NRC",1585,1613,64.394,41792.34994,41.483,1093.7994022467,28,738.287569917981,0.0379256012709392
1944,"Nondefense_NRC",1633,1664,62.683,40681.89383,40.371,1005.73713154374,31,772.283348885487,0.0401407074809231
1945,"Nondefense_NRC",1720,1750,60.565,39307.29065,39.259,897.18890908625,30,685.59227877907,0.0437577856819292
1946,"Nondefense_NRC",1856,1889,50.781,32957.37681,35.886,637.23514235111,33,585.987841988146,0.0563151615706517
1947,"Nondefense_NRC",2102,2141,45.733,29681.17433,31.733,448.084065182631,39,550.697335333016,0.0708193003629045
1948,"Nondefense_NRC",2033,2073,43.45,28199.4845,29.562,410.050743132809,40,554.834913920315,0.0720935164612672
1949,"Nondefense_NRC",1858,1895,43.136,27995.69536,28.789,433.782601571066,37,557.503083057051,0.0663673459832933
1950,"Nondefense_NRC",2017,2054,43.369,28146.91469,28.787,401.718013475969,37,516.329124209222,0.0716597190922882
1951,"Nondefense_NRC",2292,2348,43.565,28274.12065,28.862,356.041740925087,56,690.816211343804,0.081063529026145
1952,"Nondefense_NRC",2222,2277,43.582,28285.15382,28.742,365.873938386337,55,700.12756980198,0.0785571121210894
1953,"Nondefense_NRC",2140,2194,43.854,28461.68454,28.644,380.960977553159,54,718.192039794392,0.0751888032836724
1954,"Nondefense_NRC",2152,2197,44.019,28568.77119,28.656,380.421332351598,45,597.395308341078,0.0753270060405423
1955,"Nondefense_NRC",2293,2335,41.676,27048.14076,28.071,331.124448004344,42,495.430402058439,0.0847747732587591
1956,"Nondefense_NRC",2348,2386,42.026,27275.29426,27.348,317.685156483169,38,441.422990579216,0.086085230744638
1957,"Nondefense_NRC",2465,2499,43.022,27921.70822,28.169,319.077727727862,34,385.127009931034,0.0882825642535133
1958,"Nondefense_NRC",2592,2628,45.478,29515.67678,30.46,346.85475104892,36,409.939955277778,0.0878177390042554
1959,"Nondefense_NRC",2820,2861,46.46,30153.0046,32.564,348.192355246241,41,438.394747730496,0.093523018266644
1960,"Nondefense_NRC",2704,2745,47.388,30755.28588,33.655,382.791844042677,41,466.333846553254,0.0879198460567195
1961,"Nondefense_NRC",2696,2740,48.385,31402.34885,34.66,403.711205912834,44,512.50124235905,0.0858534504179295
1962,"Nondefense_NRC",2997,3041,49.83,32340.1683,35.873,387.100052527828,44,474.797265665666,0.0926711318320505
1963,"Nondefense_NRC",3309,3364,51.864,33660.25464,37.463,381.086164877099,55,559.478393834995,0.0983058516755178
1964,"Nondefense_NRC",3117,3170,54.868,35609.88068,39.58,452.178080627013,53,605.493640051331,0.0875318855463236
1965,"Nondefense_NRC",3531,3583,58.361,37876.87261,42.529,456.206603010674,52,557.801579076749,0.0932231136492449
1966,"Nondefense_NRC",3889,3954,61.185,39709.67685,45.287,462.4150515572,65,663.699921637953,0.0979358259370978
1967,"Nondefense_NRC",4049,4111,62.864,40799.36464,47.333,476.946487158587,62,624.737122173376,0.0992417415253161
1968,"Nondefense_NRC",4532,4599,63.766,41384.77166,48.725,444.94108542222,67,611.822528954104,0.10950888015604
1969,"Nondefense_NRC",5035,5120,64.447,41826.74747,49.543,411.56356502606,85,706.111923525323,0.120377516889434
1970,"Nondefense_NRC",5357,5447,64.863,42096.73563,50.065,393.424130915802,90,707.244018424491,0.127254522704187
1971,"Nondefense_NRC",5889,5984,65.277,42365.42577,50.531,363.51966880351,95,683.429351018849,0.139004858158894
1972,"Nondefense_NRC",6335,6429,65.827,42722.38127,51.179,345.144238518916,94,633.923257992107,0.148282933012643
1973,"Nondefense_NRC",6963,7050,66.632,43244.83432,52.342,325.078431419997,87,540.32752920293,0.161013450727449
1974,"Nondefense_NRC",8068,8152,67.567,43851.65867,54.259,294.911644493744,84,456.561642077343,0.183983918617872
1975,"Nondefense_NRC",8372,8448,68.387,44383.84687,56.995,302.156874385529,76,402.911175599618,0.188627182869514
1976,"Nondefense_NRC",9008,9069,69.953,45400.19653,61.809,311.516512802261,61,307.439163890986,0.198413238014236
1977,"Nondefense_NRC",9827,9934,70.506,45759.09906,65.579,305.366435051973,107,498.241945600896,0.214755102304674
1978,"Nondefense_NRC",11211,11390,71.082,46132.92882,67.149,276.316121428435,179,736.579632394969,0.243015136622752
1979,"Nondefense_NRC",11960,12152,71.096,46142.01496,67.615,260.860563672274,192,740.741377284281,0.259199777260876
1980,"Nondefense_NRC",13686,13895,71.655,46504.81155,68,231.062924550636,209,710.178694574748,0.294292129004445
1981,"Nondefense_NRC",14859,15107,72.403,46990.27103,68.959,218.076727906169,248,784.278027824214,0.31621439234759
1982,"Nondefense_NRC",15606,15892,72.728,47201.19928,69.533,210.306355859044,286,865.022619125977,0.330627192487724
1983,"Nondefense_NRC",16250,16462,73.154,47477.67754,70.437,205.796010639076,212,619.401085444923,0.342266109927331
1984,"Nondefense_NRC",17025,17317,74.075,48075.41575,71.813,202.786480543598,292,824.553386138032,0.354131102859989
1985,"Nondefense_NRC",17943,18251,75.89,49253.3689,73.488,201.72387971483,308,845.457148815694,0.364299953500237
1986,"Nondefense_NRC",19685,20020,79.9,51855.899,77.296,203.61968854986,335,882.485454152908,0.379609656367157
1987,"Nondefense_NRC",21495,21867,84.207,54651.18507,82.689,210.23735018624,372,945.812553898116,0.393312605618124
1988,"Nondefense_NRC",22270,22667,84.263,54687.52963,85.182,209.177959090375,397,974.896688958689,0.407222636507306
1989,"Nondefense_NRC",23061,23471,84.39,54769.9539,84.788,201.371790090334,410,973.751402757903,0.421052025022793
1990,"Nondefense_NRC",24015,24436,85.634,55577.32234,85.165,197.095259508062,421,974.309919014782,0.432100702028892
1991,"Nondefense_NRC",24381,24816,86.714,56278.25314,86.04,198.604688083573,435,1004.10319986465,0.433222401899165
1992,"Nondefense_NRC",25098,25536,87.41,56729.9641,86.612,195.772398224129,438,990.028061032751,0.442411702495683
1993,"Nondefense_NRC",26147,26608,87.765,56960.36265,87.246,190.062485170838,461,1004.27304018243,0.459038510001481
1994,"Nondefense_NRC",27025,27501,86.71,56275.6571,86.774,180.694315233872,476,991.20121293617,0.48022540104645
1995,"Nondefense_NRC",27527,28014,86.35,56042.0135,85.539,174.148210585116,487,991.479659043848,0.491185064219722
1996,"Nondefense_NRC",28560,29058,87.179,56580.04279,85.563,169.508340379579,498,986.584779741597,0.504771622495975
1997,"Nondefense_NRC",29744,30257,87.742,56945.43542,86.203,165.037230013121,513,982.147941449032,0.522324568784551
1998,"Nondefense_NRC",31574,32120,90.624,58815.88224,88.317,164.516446183255,546,1017.08594739469,0.536827788643233
1999,"Nondefense_NRC",34604,35198,93.503,60684.38203,92.004,161.345679236161,594,1041.68659478153,0.570229090952811
2000,"Nondefense_NRC",35706,36336,92.925,60309.25425,93.146,157.328342473828,630,1064.10211666107,0.592048441719871
2001,"Nondefense_NRC",36726,37373,92.306,59907.51706,91.696,149.5746796366,647,1055.38756025214,0.613044936634868
2002,"Nondefense_NRC",37825,38476,92.784,60217.74384,91.253,145.275605515704,651,1036.39791777502,0.628137116868774
2003,"Nondefense_NRC",39345,40025,93.686,60803.15086,92.024,142.212457866073,680,1050.8614203787,0.647088176245872
2004,"Nondefense_NRC",42758,43479,94.216,61147.12616,92.239,131.908643291834,721,1031.08372611815,0.699264261220024
2005,"Nondefense_NRC",46251,47017,93.3,60552.633,90.683,118.723798800869,766,1002.86084361419,0.763814845177748
2006,"Nondefense_NRC",49589,50410,93.668,60791.46868,89.24,109.399880316264,821,1006.46909165904,0.815723013060128
2007,"Nondefense_NRC",51482,51978,95.203,61787.69903,89.252,107.11852130503,496,595.289590903228,0.833207916918928
2008,"Nondefense_NRC",52587,53474,97.385,63203.83885,94.975,114.149592005225,887,1066.0772635813,0.832022246699339
2009,"Nondefense_NRC",49501,50371,98.613,64000.82313,97.475,126.027357722001,870,1124.84022793681,0.773443177433084
2010,"Nondefense_NRC",49867,50717,100.697,65353.35997,100.082,131.162792478343,850,1113.97028043596,0.763036514463695
2011,"Nondefense_NRC",50969,51843,101.832,66089.98632,102.388,132.76347425557,874,1133.2898044631,0.771206090938105
2012,"Nondefense_NRC",52744,53637,102.711,66660.46611,103.339,130.604920130087,893,1128.6174017183,0.791233591330794
2013,"Nondefense_NRC",55895,56830,102.383,66447.59083,103.404,122.925962647559,935,1111.5215569559,0.841189263625858
2014,"Nondefense_NRC",58269,59258,102.22,66341.8022,103.023,117.296186446491,989,1126.01970817759,0.878315000010657
2015,"Nondefense_NRC",60003,61026,101.818,66080.90018,102.671,113.070881495605,1023,1126.62301691815,0.908023344666247
2016,"Nondefense_NRC",63106,64170,101.304,65747.30904,101.89,106.154617914075,1064,1108.53384493646,0.959826355198917
2017,"Nondefense_NRC",64901,65996,100,64901,100,100,1095,1095,1
2018,"Nondefense_NRC",68642,69776,100.241,65057.41141,98.472,93.32964389682,1134,1074.78081260657,1.05509885057383
2019,"Nondefense_NRC",71270,72457,100.551,65258.60451,98.803,90.4692844310584,1187,1086.88036415561,1.09211651911862
2020,"Nondefense_NRC",72487,73705,99.456,64547.93856,98.06,87.3200829830673,1218,1084.59984778071,1.12299481001427
2021,"Nondefense_NRC",78292,79558,99.305,64449.93805,97.124,79.9524317065371,1266,1042.17061221198,1.21477230807051
2022,"Nondefense_NRC",85410,86785,99.724,64721.87324,97.466,73.8576524670395,1375,1041.94562352184,1.31964660051301
2023,"Nondefense_NRC",88522,89985,100.039,64926.31139,98.213,72.0341589723015,1463,1073.03487905346,1.36342259562945
2024,"Nondefense_NRC",90887,92406,99.449,64543.39549,98.14,69.6941128366939,1519,1078.71772364926,1.40815337200661
1925,"Nondefense_Total",594,605,1.837,15953.09584,1.631,43.8038709007407,11,295.427700740741,0.037234152289779
1926,"Nondefense_Total",631,642,1.954,16969.16128,1.723,46.3357605157528,11,295.817391568938,0.0371851024094928
1927,"Nondefense_Total",668,680,2.082,18080.75424,1.834,49.6408731679042,12,324.803968383233,0.0369453614120912
1928,"Nondefense_Total",694,706,2.199,19096.81968,1.945,53.5206257602305,12,330.204374870317,0.0363411296555742
1929,"Nondefense_Total",739,752,2.978,25861.90496,2.342,81.9601913617321,13,454.945554100135,0.028574847875398
1930,"Nondefense_Total",729,742,3.195,27746.4024,2.515,95.7231852345679,13,494.791812345679,0.0262736764749004
1931,"Nondefense_Total",688,700,3.485,30264.8552,2.715,119.431805040698,12,527.875381395349,0.0227326380864363
1932,"Nondefense_Total",613,624,3.67,31871.4544,2.902,150.882480699511,11,571.91843132137,0.0192335119792964
1933,"Nondefense_Total",630,641,3.782,32844.09824,3.018,157.338870616381,11,573.468381968254,0.0191815283036981
1934,"Nondefense_Total",749,762,3.983,34589.64656,3.142,145.101027358505,13,600.354346168224,0.0216538783852783
1935,"Nondefense_Total",780,794,4.165,36170.1928,3.299,152.981366727179,14,649.208588717949,0.0215647177860772
1936,"Nondefense_Total",941,957,4.722,41007.35904,3.645,158.843595856323,16,697.255839149841,0.0229471007650631
1937,"Nondefense_Total",1162,1183,5.147,44698.19504,4.128,158.790145546575,21,807.798705542169,0.0259965754536651
1938,"Nondefense_Total",1286,1310,5.582,48475.87424,4.554,171.66339913605,24,904.681945381026,0.0265286602905421
1939,"Nondefense_Total",1368,1392,5.98,51932.2336,4.909,186.356238846784,24,911.09181754386,0.0263420212297589
1940,"Nondefense_Total",1459,1485,6.1,52974.352,5.145,186.808115860178,26,944.025464016449,0.0275416299570781
1941,"Nondefense_Total",1619,1648,6.187,53729.88784,5.249,174.199000168104,29,962.425415293391,0.0301322050926507
1942,"Nondefense_Total",1679,1710,6.107,53035.14224,5.265,166.307340020012,31,979.207510089339,0.0316582539253316
1943,"Nondefense_Total",1748,1780,5.947,51645.65104,5.17,152.750581165217,32,945.458142608696,0.0338460250727822
1944,"Nondefense_Total",1774,1807,5.817,50516.68944,5.049,143.776079471567,33,939.712937722661,0.0351171072306119
1945,"Nondefense_Total",1842,1875,5.655,49109.8296,4.935,131.572751941368,33,879.817794136808,0.0375077660623771
1946,"Nondefense_Total",1884,1921,4.79,41597.8928,4.564,100.771116103609,37,816.943754564756,0.0452907556894324
1947,"Nondefense_Total",2422,2466,4.492,39009.96544,4.152,66.8742264685714,44,708.686407663088,0.0620866994544049
1948,"Nondefense_Total",2563,2610,4.505,39122.8616,4.053,61.866936427936,47,717.430548263753,0.065511567793906
1949,"Nondefense_Total",2614,2662,4.791,41606.57712,4.191,66.7074080757154,48,764.007537016067,0.0628266053335944
1950,"Nondefense_Total",2991,3043,5.16,44811.0912,4.476,67.0593260485456,52,779.062769107322,0.0667468682396201
1951,"Nondefense_Total",3490,3566,5.481,47598.75792,4.739,64.6333850380745,76,1036.53455642407,0.0733212409841807
1952,"Nondefense_Total",3615,3693,5.728,49743.78496,4.919,67.6873245416985,78,1073.30988295436,0.0726723952129275
1953,"Nondefense_Total",3824,3906,6.063,52653.03216,5.108,70.3325544647699,82,1129.06606619247,0.0726263966789183
1954,"Nondefense_Total",4071,4147,6.452,56031.23264,5.371,73.9237903486711,76,1046.02645066077,0.0726559065040765
1955,"Nondefense_Total",4584,4663,6.716,58323.89312,5.645,71.8233805982548,79,1005.14562750436,0.0785955764401483
1956,"Nondefense_Total",5114,5197,7.171,62275.25872,5.95,72.4555708611654,83,1010.72476999609,0.0821192895077867
1957,"Nondefense_Total",5536,5623,7.718,67025.58176,6.442,77.9947250176879,87,1053.32832606936,0.0825953293448892
1958,"Nondefense_Total",6026,6121,8.451,73391.18832,7.126,86.7881858560106,95,1157.01342356455,0.0821079497136012
1959,"Nondefense_Total",6588,6692,9.121,79209.68272,7.861,94.5153788497146,104,1250.42607815422,0.0831716499015412
1960,"Nondefense_Total",6854,6966,9.902,85992.13664,8.599,107.885378314467,112,1405.18227366209,0.0797049621954829
1961,"Nondefense_Total",7406,7529,10.684,92783.27488,9.383,117.551372967734,123,1540.9590616041,0.0798204203244437
1962,"Nondefense_Total",8354,8488,11.589,100642.58448,10.227,123.207051888552,134,1614.32922196792,0.0830066123913991
1963,"Nondefense_Total",9454,9613,12.7,110290.864,11.221,130.904779452507,159,1854.90240913899,0.0857187953482711
1964,"Nondefense_Total",10261,10433,13.928,120955.20896,12.357,145.662558923957,172,2027.51154284378,0.0848330558743718
1965,"Nondefense_Total",11793,11984,15.358,133373.78656,13.672,154.624472979591,191,2160.12831620114,0.088420673238476
1966,"Nondefense_Total",13332,13557,16.63,144420.2416,14.989,162.369862086889,225,2437.33531053105,0.0923139294900612
1967,"Nondefense_Total",14858,15102,17.968,156039.86176,16.266,170.82678633653,244,2562.50681581909,0.0952192589279054
1968,"Nondefense_Total",17273,17552,19.442,168840.54944,17.671,172.730929725829,279,2727.17613001563,0.102303623491454
1969,"Nondefense_Total",20047,20382,21.146,183638.63072,19.229,176.145419769286,335,3068.73553605028,0.109165483980145
1970,"Nondefense_Total",22391,22771,22.264,193347.70048,20.594,177.830491880002,380,3281.32402225894,0.115806911302346
1971,"Nondefense_Total",25851,26282,23.416,203352.03712,21.7,170.698975107501,431,3390.38056549921,0.127124371932134
1972,"Nondefense_Total",29048,29528,24.533,213052.42256,22.831,167.453864619504,480,3520.55779498761,0.136342030993895
1973,"Nondefense_Total",33277,33807,25.854,224524.40928,24.095,162.572216293584,530,3575.98151631457,0.148211056903398
1974,"Nondefense_Total",40124,40736,27.307,237142.72624,25.592,151.255025668779,612,3617.07079201675,0.169197683758567
1975,"Nondefense_Total",44238,44936,29.12,252887.3984,27.417,156.729820559989,698,3990.13074920204,0.174931610985326
1976,"Nondefense_Total",49349,50101,30.863,268024.16816,29.479,160.10627273478,752,4084.26056163894,0.184121455683581
1977,"Nondefense_Total",56068,56959,32.291,280425.37712,31.289,156.492645086461,891,4456.35676346436,0.199939108848937
1978,"Nondefense_Total",64668,65753,33.809,293608.17488,32.871,149.242195776589,1085,4926.15930204738,0.220252722957834
1979,"Nondefense_Total",74877,76126,35.154,305288.58528,34.335,139.990699087688,1249,5092.42414913418,0.245266294287831
1980,"Nondefense_Total",86311,87751,36.461,316638.99152,35.692,130.939033093486,1440,5282.75825548076,0.272584875241268
1981,"Nondefense_Total",95495,97138,37.697,327372.81104,37.004,126.855892975801,1643,5632.47843906718,0.291701072232086
1982,"Nondefense_Total",102475,104291,38.716,336222.13312,38.142,125.14451916529,1816,5958.32538420025,0.304783623401217
1983,"Nondefense_Total",108310,110147,39.699,344758.81968,39.198,124.770161700828,1837,5847.30820563346,0.314161651036315
1984,"Nondefense_Total",115300,117328,40.707,353512.61424,40.262,123.444274714058,2028,6217.89749938179,0.326155263929911
1985,"Nondefense_Total",121927,124075,41.804,363039.31328,41.347,123.111259082797,2148,6395.69943429626,0.335850679361444
1986,"Nondefense_Total",131200,133498,43.238,375492.62816,42.692,122.183927449746,2298,6576.84496579024,0.349407658528238
1987,"Nondefense_Total",140569,143039,44.719,388354.10608,44.258,122.272876856836,2470,6823.94156618885,0.361960895479867
1988,"Nondefense_Total",149214,151853,45.856,398228.17792,45.601,121.701738049579,2639,7043.06674662485,0.374694730994087
1989,"Nondefense_Total",158849,161655,47.147,409439.63504,46.787,120.595359143693,2806,7232.57694994769,0.387966836636325
1990,"Nondefense_Total",168195,171174,48.723,423126.12336,48.205,121.268734365283,2979,7494.23420131062,0.397505591629232
1991,"Nondefense_Total",174447,177570,50.382,437533.41024,49.807,124.921761703117,3123,7832.84802937007,0.398705552346987
1992,"Nondefense_Total",184124,187365,51.949,451141.73968,51.405,125.952842259838,3241,7941.11782441659,0.408128939988132
1993,"Nondefense_Total",196870,200336,53.575,465262.444,53.022,125.306777598253,3466,8191.19028244019,0.423137527085681
1994,"Nondefense_Total",212174,215882,55.188,479270.25216,54.645,123.435118955589,3708,8375.83349048083,0.442702210378723
1995,"Nondefense_Total",224603,228579,57.043,495379.66576,56.353,124.290994797813,3976,8769.38220354029,0.453395679161395
1996,"Nondefense_Total",240142,244357,59.343,515353.60176,58.432,125.397230213958,4215,9045.54568304753,0.465975204558353
1997,"Nondefense_Total",262259,266815,61.452,533668.83264,60.653,123.422325663233,4556,9270.96954349647,0.491426487663958
1998,"Nondefense_Total",285426,290391,63.834,554354.88288,62.948,122.257717122933,4965,9643.0317963297,0.514879563281101
1999,"Nondefense_Total",310166,315593,66.311,575865.94352,65.457,121.52994546465,5427,10075.973754322,0.538607992867402
2000,"Nondefense_Total",332110,337960,68.609,595822.51088,67.863,121.749730679141,5850,10495.2024589684,0.557397536909927
2001,"Nondefense_Total",352341,358573,70.613,613225.88816,69.965,121.769391768527,6232,10846.3781819689,0.574569676203998
2002,"Nondefense_Total",377517,384111,73.53,638558.0496,72.418,122.4927535341,6594,11153.5421691272,0.591202319407736
2003,"Nondefense_Total",403589,410656,76.509,664428.63888,75.398,124.127740137304,7067,11634.4032938583,0.607422643130364
2004,"Nondefense_Total",457885,465681,79.28,688492.8896,78.254,117.665620369216,7796,11722.35510515,0.665054072331846
2005,"Nondefense_Total",519927,528763,81.258,705670.47456,80.541,109.314203131472,8836,11992.6534171377,0.736784403972952
2006,"Nondefense_Total",577564,587495,83.297,723377.80304,82.477,103.299428394654,9931,12438.2145736061,0.798426489688768
2007,"Nondefense_Total",615408,625849,85.392,741571.45344,84.53,101.859311155011,10441,12581.4866647282,0.829870132062456
2008,"Nondefense_Total",668887,680407,87.458,759513.25856,86.81,98.5717258305119,11520,13080.8234254982,0.880678503582909
2009,"Nondefense_Total",656197,668252,89.429,776630.05328,88.888,105.201779611843,12055,14267.4765234989,0.844928672575358
2010,"Nondefense_Total",670745,682773,91.394,793694.74208,90.921,107.587115289202,12028,14232.7715566098,0.845091903018292
2011,"Nondefense_Total",709786,722334,93.232,809656.52224,92.869,105.936143519183,12548,14313.5678092658,0.876650753132084
2012,"Nondefense_Total",728581,741694,94.553,821128.50896,94.446,106.442939298769,13113,14778.6699598157,0.887292295968123
2013,"Nondefense_Total",760477,773974,95.811,832053.38352,95.733,104.743426250262,13497,14767.342756414,0.913976212418972
2014,"Nondefense_Total",789181,803250,96.971,842127.19472,96.94,103.443709689104,14069,15012.8899485868,0.93712803119058
2015,"Nondefense_Total",813431,828022,98.033,851349.94256,98.067,102.638496463783,14591,15271.1748284648,0.955460215988295
2016,"Nondefense_Total",835857,850832,99.022,859938.73504,99.077,101.931490735327,14975,15406.442199113,0.971995987552672
2017,"Nondefense_Total",868432,883886,100,868432,100,100,15454,15454,1
2018,"Nondefense_Total",926520,942765,101.122,878175.80704,100.99,95.7205184485706,16245,15397.3643152493,1.05505070006762
2019,"Nondefense_Total",967206,984381,102.146,887068.55072,102.08,93.6222042227794,17175,15751.9725462993,1.09033963521191
2020,"Nondefense_Total",1006661,1024419,103.136,895666.02752,103.067,91.7027782524642,17758,15799.9935595997,1.12392450876733
2021,"Nondefense_Total",1171094,1190250,104.103,904063.76496,104.019,80.3008202308049,19156,14788.0917172949,1.2953665940276
2022,"Nondefense_Total",1400231,1423365,104.809,910194.89488,104.857,68.1604007427576,23134,15037.8392552043,1.53838590820113
2023,"Nondefense_Total",1418611,1444228,105.673,917698.14736,105.651,68.3455344465335,25617,16571.6136706406,1.54583618162574
2024,"Nondefense_Total",1471606,1497594,106.675,926399.836,106.58,67.0938379708156,25988,16359.867340829,1.58852143838247
