variable_id,display_name,concept_family,sector_boundary,account_position,source_status,candidate_status,constructibility_status,allowed_use,prohibited_use,downstream_stage,notes
CORP__IPP__official_price_index,CORP_intellectual_property_products_official_price_index,official_BEA_price_diagnostic,CORP,fixed_assets,requires_manual_mapping,THEORETICALLY_MIXED_REVIEW_REQUIRED,metadata_or_mapping_review_required,documentation and mapping review only,adjusted Shaikh construction; model-input panel construction; econometrics; direct Chapter 2 use without import pass,future S21_IMPORT_PROVIDER_V1_DATASET only,Diagnostic only. Do not treat an implicit or official BEA price index as a GPIM output.
CORP__ME__official_price_index,CORP_machinery_equipment_official_price_index,official_BEA_price_diagnostic,CORP,fixed_assets,requires_manual_mapping,THEORETICALLY_MIXED_REVIEW_REQUIRED,metadata_or_mapping_review_required,documentation and mapping review only,adjusted Shaikh construction; model-input panel construction; econometrics; direct Chapter 2 use without import pass,future S21_IMPORT_PROVIDER_V1_DATASET only,Diagnostic only. Do not treat an implicit or official BEA price index as a GPIM output.
CORP__NRC__official_price_index,CORP_nonresidential_structures_official_price_index,official_BEA_price_diagnostic,CORP,fixed_assets,requires_manual_mapping,THEORETICALLY_MIXED_REVIEW_REQUIRED,metadata_or_mapping_review_required,documentation and mapping review only,adjusted Shaikh construction; model-input panel construction; econometrics; direct Chapter 2 use without import pass,future S21_IMPORT_PROVIDER_V1_DATASET only,Diagnostic only. Do not treat an implicit or official BEA price index as a GPIM output.
CORP__TOTAL__official_price_index,CORP_total_official_price_index,official_BEA_price_diagnostic,CORP,fixed_assets,requires_manual_mapping,THEORETICALLY_MIXED_REVIEW_REQUIRED,metadata_or_mapping_review_required,documentation and mapping review only,adjusted Shaikh construction; model-input panel construction; econometrics; direct Chapter 2 use without import pass,future S21_IMPORT_PROVIDER_V1_DATASET only,Diagnostic only. Do not treat an implicit or official BEA price index as a GPIM output.
CORP_AFTER_TAX,CORP_profits_after_tax_IVA_CCAdj,Shaikh_income_correction_and_distributive_variables,CORP,income_accounts,staged,READY_AS_BASELINE,source_level_available,source inspection; downstream source-of-truth construction after separate import validation,adjusted Shaikh construction; model-input panel construction; econometrics; direct Chapter 2 use without import pass,future S21_IMPORT_PROVIDER_V1_DATASET only,Direct NIPA Table 1.14 line; no adjusted share is constructed here.
CORP_PAT,CORP_profits_after_tax,Shaikh_income_correction_and_distributive_variables,CORP,income_accounts,staged,READY_AS_BASELINE,source_level_available,source inspection; downstream source-of-truth construction after separate import validation,adjusted Shaikh construction; model-input panel construction; econometrics; direct Chapter 2 use without import pass,future S21_IMPORT_PROVIDER_V1_DATASET only,Direct NIPA Table 1.14 line; no adjusted share is constructed here.
CORP_TAX,CORP_taxes_corporate_income,Shaikh_income_correction_and_distributive_variables,CORP,income_accounts,staged,READY_AS_BASELINE,source_level_available,source inspection; downstream source-of-truth construction after separate import validation,adjusted Shaikh construction; model-input panel construction; econometrics; direct Chapter 2 use without import pass,future S21_IMPORT_PROVIDER_V1_DATASET only,Direct NIPA Table 1.14 line; no adjusted share is constructed here.
CORP_UNDISTRIBUTED,CORP_undistributed_profits_IVA_CCAdj,Shaikh_income_correction_and_distributive_variables,CORP,income_accounts,staged,READY_AS_BASELINE,source_level_available,source inspection; downstream source-of-truth construction after separate import validation,adjusted Shaikh construction; model-input panel construction; econometrics; direct Chapter 2 use without import pass,future S21_IMPORT_PROVIDER_V1_DATASET only,Direct NIPA Table 1.14 line; no adjusted share is constructed here.
FIN__IPP__cfc_current_cost,FIN_intellectual_property_products_cfc_current_cost,frontier_conditioning_variables,FIN,fixed_assets,staged,READY_AS_BASELINE,source_level_available,source inspection; downstream source-of-truth construction after separate import validation,adjusted Shaikh construction; model-input panel construction; econometrics; direct Chapter 2 use without import pass,future S21_IMPORT_PROVIDER_V1_DATASET only,Direct BEA line. ME and NRC enter preferred K_cap downstream; IPP does not.
FIN__IPP__gross_investment_current_cost,FIN_intellectual_property_products_gross_investment_current_cost,frontier_conditioning_variables,FIN,fixed_assets,staged,READY_AS_BASELINE,source_level_available,source inspection; downstream source-of-truth construction after separate import validation,adjusted Shaikh construction; model-input panel construction; econometrics; direct Chapter 2 use without import pass,future S21_IMPORT_PROVIDER_V1_DATASET only,Direct BEA line. ME and NRC enter preferred K_cap downstream; IPP does not.
FIN__IPP__gross_stock_current_cost,FIN_intellectual_property_products_gross_stock_current_cost,downstream_GPIM_benchmark,FIN,fixed_assets,not_available,THEORETICALLY_MIXED_REVIEW_REQUIRED,metadata_or_mapping_review_required,documentation and mapping review only,adjusted Shaikh construction; model-input panel construction; econometrics; direct Chapter 2 use without import pass,future S21_IMPORT_PROVIDER_V1_DATASET only,Preserve as a required gap. Do not substitute net stock or construct GPIM here.
FIN__IPP__net_stock_current_cost,FIN_intellectual_property_products_net_stock_current_cost,frontier_conditioning_variables,FIN,fixed_assets,staged,READY_AS_BASELINE,source_level_available,source inspection; downstream source-of-truth construction after separate import validation,adjusted Shaikh construction; model-input panel construction; econometrics; direct Chapter 2 use without import pass,future S21_IMPORT_PROVIDER_V1_DATASET only,Direct BEA line. ME and NRC enter preferred K_cap downstream; IPP does not.
FIN__IPP__net_stock_quantity_index,FIN_intellectual_property_products_net_stock_quantity_index,frontier_conditioning_variables,FIN,fixed_assets,staged,READY_AS_BASELINE,source_level_available,source inspection; downstream source-of-truth construction after separate import validation,adjusted Shaikh construction; model-input panel construction; econometrics; direct Chapter 2 use without import pass,future S21_IMPORT_PROVIDER_V1_DATASET only,Direct BEA line. ME and NRC enter preferred K_cap downstream; IPP does not.
FIN__IPP__official_price_index,FIN_intellectual_property_products_official_price_index,official_BEA_price_diagnostic,FIN,fixed_assets,requires_manual_mapping,THEORETICALLY_MIXED_REVIEW_REQUIRED,metadata_or_mapping_review_required,documentation and mapping review only,adjusted Shaikh construction; model-input panel construction; econometrics; direct Chapter 2 use without import pass,future S21_IMPORT_PROVIDER_V1_DATASET only,Diagnostic only. Do not treat an implicit or official BEA price index as a GPIM output.
FIN__ME__cfc_current_cost,FIN_machinery_equipment_cfc_current_cost,downstream_GPIM_and_K_cap,FIN,fixed_assets,staged,READY_AS_BASELINE,source_level_available,source inspection; downstream source-of-truth construction after separate import validation,adjusted Shaikh construction; model-input panel construction; econometrics; direct Chapter 2 use without import pass,future S21_IMPORT_PROVIDER_V1_DATASET only,Direct BEA line. ME and NRC enter preferred K_cap downstream; IPP does not.
FIN__ME__gross_investment_current_cost,FIN_machinery_equipment_gross_investment_current_cost,downstream_GPIM_and_K_cap,FIN,fixed_assets,staged,READY_AS_BASELINE,source_level_available,source inspection; downstream source-of-truth construction after separate import validation,adjusted Shaikh construction; model-input panel construction; econometrics; direct Chapter 2 use without import pass,future S21_IMPORT_PROVIDER_V1_DATASET only,Direct BEA line. ME and NRC enter preferred K_cap downstream; IPP does not.
FIN__ME__gross_stock_current_cost,FIN_machinery_equipment_gross_stock_current_cost,downstream_GPIM_benchmark,FIN,fixed_assets,not_available,THEORETICALLY_MIXED_REVIEW_REQUIRED,metadata_or_mapping_review_required,documentation and mapping review only,adjusted Shaikh construction; model-input panel construction; econometrics; direct Chapter 2 use without import pass,future S21_IMPORT_PROVIDER_V1_DATASET only,Preserve as a required gap. Do not substitute net stock or construct GPIM here.
FIN__ME__net_stock_current_cost,FIN_machinery_equipment_net_stock_current_cost,downstream_GPIM_and_K_cap,FIN,fixed_assets,staged,READY_AS_BASELINE,source_level_available,source inspection; downstream source-of-truth construction after separate import validation,adjusted Shaikh construction; model-input panel construction; econometrics; direct Chapter 2 use without import pass,future S21_IMPORT_PROVIDER_V1_DATASET only,Direct BEA line. ME and NRC enter preferred K_cap downstream; IPP does not.
FIN__ME__net_stock_quantity_index,FIN_machinery_equipment_net_stock_quantity_index,downstream_GPIM_and_K_cap,FIN,fixed_assets,staged,READY_AS_BASELINE,source_level_available,source inspection; downstream source-of-truth construction after separate import validation,adjusted Shaikh construction; model-input panel construction; econometrics; direct Chapter 2 use without import pass,future S21_IMPORT_PROVIDER_V1_DATASET only,Direct BEA line. ME and NRC enter preferred K_cap downstream; IPP does not.
FIN__ME__official_price_index,FIN_machinery_equipment_official_price_index,official_BEA_price_diagnostic,FIN,fixed_assets,requires_manual_mapping,THEORETICALLY_MIXED_REVIEW_REQUIRED,metadata_or_mapping_review_required,documentation and mapping review only,adjusted Shaikh construction; model-input panel construction; econometrics; direct Chapter 2 use without import pass,future S21_IMPORT_PROVIDER_V1_DATASET only,Diagnostic only. Do not treat an implicit or official BEA price index as a GPIM output.
FIN__NRC__cfc_current_cost,FIN_nonresidential_structures_cfc_current_cost,downstream_GPIM_and_K_cap,FIN,fixed_assets,staged,READY_AS_BASELINE,source_level_available,source inspection; downstream source-of-truth construction after separate import validation,adjusted Shaikh construction; model-input panel construction; econometrics; direct Chapter 2 use without import pass,future S21_IMPORT_PROVIDER_V1_DATASET only,Direct BEA line. ME and NRC enter preferred K_cap downstream; IPP does not.
FIN__NRC__gross_investment_current_cost,FIN_nonresidential_structures_gross_investment_current_cost,downstream_GPIM_and_K_cap,FIN,fixed_assets,staged,READY_AS_BASELINE,source_level_available,source inspection; downstream source-of-truth construction after separate import validation,adjusted Shaikh construction; model-input panel construction; econometrics; direct Chapter 2 use without import pass,future S21_IMPORT_PROVIDER_V1_DATASET only,Direct BEA line. ME and NRC enter preferred K_cap downstream; IPP does not.
FIN__NRC__gross_stock_current_cost,FIN_nonresidential_structures_gross_stock_current_cost,downstream_GPIM_benchmark,FIN,fixed_assets,not_available,THEORETICALLY_MIXED_REVIEW_REQUIRED,metadata_or_mapping_review_required,documentation and mapping review only,adjusted Shaikh construction; model-input panel construction; econometrics; direct Chapter 2 use without import pass,future S21_IMPORT_PROVIDER_V1_DATASET only,Preserve as a required gap. Do not substitute net stock or construct GPIM here.
FIN__NRC__net_stock_current_cost,FIN_nonresidential_structures_net_stock_current_cost,downstream_GPIM_and_K_cap,FIN,fixed_assets,staged,READY_AS_BASELINE,source_level_available,source inspection; downstream source-of-truth construction after separate import validation,adjusted Shaikh construction; model-input panel construction; econometrics; direct Chapter 2 use without import pass,future S21_IMPORT_PROVIDER_V1_DATASET only,Direct BEA line. ME and NRC enter preferred K_cap downstream; IPP does not.
FIN__NRC__net_stock_quantity_index,FIN_nonresidential_structures_net_stock_quantity_index,downstream_GPIM_and_K_cap,FIN,fixed_assets,staged,READY_AS_BASELINE,source_level_available,source inspection; downstream source-of-truth construction after separate import validation,adjusted Shaikh construction; model-input panel construction; econometrics; direct Chapter 2 use without import pass,future S21_IMPORT_PROVIDER_V1_DATASET only,Direct BEA line. ME and NRC enter preferred K_cap downstream; IPP does not.
FIN__NRC__official_price_index,FIN_nonresidential_structures_official_price_index,official_BEA_price_diagnostic,FIN,fixed_assets,requires_manual_mapping,THEORETICALLY_MIXED_REVIEW_REQUIRED,metadata_or_mapping_review_required,documentation and mapping review only,adjusted Shaikh construction; model-input panel construction; econometrics; direct Chapter 2 use without import pass,future S21_IMPORT_PROVIDER_V1_DATASET only,Diagnostic only. Do not treat an implicit or official BEA price index as a GPIM output.
FIN__TOTAL__cfc_current_cost,FIN_total_cfc_current_cost,sector_total_diagnostic,FIN,fixed_assets,staged,READY_AS_BASELINE,source_level_available,source inspection; downstream source-of-truth construction after separate import validation,adjusted Shaikh construction; model-input panel construction; econometrics; direct Chapter 2 use without import pass,future S21_IMPORT_PROVIDER_V1_DATASET only,Direct BEA line. ME and NRC enter preferred K_cap downstream; IPP does not.
FIN__TOTAL__gross_investment_current_cost,FIN_total_gross_investment_current_cost,sector_total_diagnostic,FIN,fixed_assets,staged,READY_AS_BASELINE,source_level_available,source inspection; downstream source-of-truth construction after separate import validation,adjusted Shaikh construction; model-input panel construction; econometrics; direct Chapter 2 use without import pass,future S21_IMPORT_PROVIDER_V1_DATASET only,Direct BEA line. ME and NRC enter preferred K_cap downstream; IPP does not.
FIN__TOTAL__gross_stock_current_cost,FIN_total_gross_stock_current_cost,downstream_GPIM_benchmark,FIN,fixed_assets,not_available,THEORETICALLY_MIXED_REVIEW_REQUIRED,metadata_or_mapping_review_required,documentation and mapping review only,adjusted Shaikh construction; model-input panel construction; econometrics; direct Chapter 2 use without import pass,future S21_IMPORT_PROVIDER_V1_DATASET only,Preserve as a required gap. Do not substitute net stock or construct GPIM here.
FIN__TOTAL__net_stock_current_cost,FIN_total_net_stock_current_cost,sector_total_diagnostic,FIN,fixed_assets,staged,READY_AS_BASELINE,source_level_available,source inspection; downstream source-of-truth construction after separate import validation,adjusted Shaikh construction; model-input panel construction; econometrics; direct Chapter 2 use without import pass,future S21_IMPORT_PROVIDER_V1_DATASET only,Direct BEA line. ME and NRC enter preferred K_cap downstream; IPP does not.
FIN__TOTAL__net_stock_quantity_index,FIN_total_net_stock_quantity_index,sector_total_diagnostic,FIN,fixed_assets,staged,READY_AS_BASELINE,source_level_available,source inspection; downstream source-of-truth construction after separate import validation,adjusted Shaikh construction; model-input panel construction; econometrics; direct Chapter 2 use without import pass,future S21_IMPORT_PROVIDER_V1_DATASET only,Direct BEA line. ME and NRC enter preferred K_cap downstream; IPP does not.
FIN__TOTAL__official_price_index,FIN_total_official_price_index,official_BEA_price_diagnostic,FIN,fixed_assets,requires_manual_mapping,THEORETICALLY_MIXED_REVIEW_REQUIRED,metadata_or_mapping_review_required,documentation and mapping review only,adjusted Shaikh construction; model-input panel construction; econometrics; direct Chapter 2 use without import pass,future S21_IMPORT_PROVIDER_V1_DATASET only,Diagnostic only. Do not treat an implicit or official BEA price index as a GPIM output.
NFC__IPP__official_price_index,NFC_intellectual_property_products_official_price_index,official_BEA_price_diagnostic,NFC,fixed_assets,requires_manual_mapping,THEORETICALLY_MIXED_REVIEW_REQUIRED,metadata_or_mapping_review_required,documentation and mapping review only,adjusted Shaikh construction; model-input panel construction; econometrics; direct Chapter 2 use without import pass,future S21_IMPORT_PROVIDER_V1_DATASET only,Diagnostic only. Do not treat an implicit or official BEA price index as a GPIM output.
NFC__ME__official_price_index,NFC_machinery_equipment_official_price_index,official_BEA_price_diagnostic,NFC,fixed_assets,requires_manual_mapping,THEORETICALLY_MIXED_REVIEW_REQUIRED,metadata_or_mapping_review_required,documentation and mapping review only,adjusted Shaikh construction; model-input panel construction; econometrics; direct Chapter 2 use without import pass,future S21_IMPORT_PROVIDER_V1_DATASET only,Diagnostic only. Do not treat an implicit or official BEA price index as a GPIM output.
NFC__NRC__official_price_index,NFC_nonresidential_structures_official_price_index,official_BEA_price_diagnostic,NFC,fixed_assets,requires_manual_mapping,THEORETICALLY_MIXED_REVIEW_REQUIRED,metadata_or_mapping_review_required,documentation and mapping review only,adjusted Shaikh construction; model-input panel construction; econometrics; direct Chapter 2 use without import pass,future S21_IMPORT_PROVIDER_V1_DATASET only,Diagnostic only. Do not treat an implicit or official BEA price index as a GPIM output.
NFC__TOTAL__official_price_index,NFC_total_official_price_index,official_BEA_price_diagnostic,NFC,fixed_assets,requires_manual_mapping,THEORETICALLY_MIXED_REVIEW_REQUIRED,metadata_or_mapping_review_required,documentation and mapping review only,adjusted Shaikh construction; model-input panel construction; econometrics; direct Chapter 2 use without import pass,future S21_IMPORT_PROVIDER_V1_DATASET only,Diagnostic only. Do not treat an implicit or official BEA price index as a GPIM output.
NFC_AFTER_TAX,NFC_profits_after_tax_IVA_CCAdj,Shaikh_income_correction_and_distributive_variables,NFC,income_accounts,staged,READY_AS_BASELINE,source_level_available,source inspection; downstream source-of-truth construction after separate import validation,adjusted Shaikh construction; model-input panel construction; econometrics; direct Chapter 2 use without import pass,future S21_IMPORT_PROVIDER_V1_DATASET only,Direct NIPA Table 1.14 line; no adjusted share is constructed here.
NFC_PAT,NFC_profits_after_tax,Shaikh_income_correction_and_distributive_variables,NFC,income_accounts,staged,READY_AS_BASELINE,source_level_available,source inspection; downstream source-of-truth construction after separate import validation,adjusted Shaikh construction; model-input panel construction; econometrics; direct Chapter 2 use without import pass,future S21_IMPORT_PROVIDER_V1_DATASET only,Direct NIPA Table 1.14 line; no adjusted share is constructed here.
NFC_RETAINED,NFC_undistributed_profits_after_tax,Shaikh_income_correction_and_distributive_variables,NFC,income_accounts,staged,READY_AS_BASELINE,source_level_available,source inspection; downstream source-of-truth construction after separate import validation,adjusted Shaikh construction; model-input panel construction; econometrics; direct Chapter 2 use without import pass,future S21_IMPORT_PROVIDER_V1_DATASET only,Direct NIPA Table 1.14 line; no adjusted share is constructed here.
NFC_TAX,NFC_taxes_corporate_income,Shaikh_income_correction_and_distributive_variables,NFC,income_accounts,staged,READY_AS_BASELINE,source_level_available,source inspection; downstream source-of-truth construction after separate import validation,adjusted Shaikh construction; model-input panel construction; econometrics; direct Chapter 2 use without import pass,future S21_IMPORT_PROVIDER_V1_DATASET only,Direct NIPA Table 1.14 line; no adjusted share is constructed here.
NFC_UNDISTRIBUTED,NFC_undistributed_profits_IVA_CCAdj,Shaikh_income_correction_and_distributive_variables,NFC,income_accounts,staged,READY_AS_BASELINE,source_level_available,source inspection; downstream source-of-truth construction after separate import validation,adjusted Shaikh construction; model-input panel construction; econometrics; direct Chapter 2 use without import pass,future S21_IMPORT_PROVIDER_V1_DATASET only,Direct NIPA Table 1.14 line; no adjusted share is constructed here.
RESIDENTIAL_CAPITAL_MENU,residential_capital_menu,residential_exclusion_diagnostic,PRIVATE,fixed_assets,requires_manual_mapping,THEORETICALLY_MIXED_REVIEW_REQUIRED,metadata_or_mapping_review_required,documentation and mapping review only,adjusted Shaikh construction; model-input panel construction; econometrics; direct Chapter 2 use without import pass,future S21_IMPORT_PROVIDER_V1_DATASET only,Preserve as an exclusion diagnostic; never include silently in K_cap.
DOWNSTREAM__e_adj_CORP,e_adj_CORP,e_adj_CORP,CORP,analytical_construction,downstream_constructed_only,READY_AS_BASELINE,source_level_available,source inspection; downstream source-of-truth construction after separate import validation,adjusted Shaikh construction; model-input panel construction; econometrics; direct Chapter 2 use without import pass,future S21_IMPORT_PROVIDER_V1_DATASET only,"Provider supplies ingredients only. This row is a construction contract, not staged data."
DOWNSTREAM__ln_e_adj_CORP,ln_e_adj_CORP,ln_e_adj_CORP,CORP,analytical_construction,downstream_constructed_only,READY_AS_BASELINE,source_level_available,source inspection; downstream source-of-truth construction after separate import validation,adjusted Shaikh construction; model-input panel construction; econometrics; direct Chapter 2 use without import pass,future S21_IMPORT_PROVIDER_V1_DATASET only,"Provider supplies ingredients only. This row is a construction contract, not staged data."
DOWNSTREAM__omega_adj_CORP,omega_adj_CORP,omega_adj_CORP,CORP,analytical_construction,downstream_constructed_only,READY_AS_BASELINE,source_level_available,source inspection; downstream source-of-truth construction after separate import validation,adjusted Shaikh construction; model-input panel construction; econometrics; direct Chapter 2 use without import pass,future S21_IMPORT_PROVIDER_V1_DATASET only,"Provider supplies ingredients only. This row is a construction contract, not staged data."
DOWNSTREAM__pi_adj_CORP,pi_adj_CORP,pi_adj_CORP,CORP,analytical_construction,downstream_constructed_only,READY_AS_BASELINE,source_level_available,source inspection; downstream source-of-truth construction after separate import validation,adjusted Shaikh construction; model-input panel construction; econometrics; direct Chapter 2 use without import pass,future S21_IMPORT_PROVIDER_V1_DATASET only,"Provider supplies ingredients only. This row is a construction contract, not staged data."
DOWNSTREAM__e_adj_NFC,e_adj_NFC,e_adj_NFC,NFC,analytical_construction,downstream_constructed_only,READY_AS_BASELINE,source_level_available,source inspection; downstream source-of-truth construction after separate import validation,adjusted Shaikh construction; model-input panel construction; econometrics; direct Chapter 2 use without import pass,future S21_IMPORT_PROVIDER_V1_DATASET only,"Provider supplies ingredients only. This row is a construction contract, not staged data."
DOWNSTREAM__e_x_Kcap,e_x_Kcap,e_x_Kcap,NFC,analytical_construction,downstream_constructed_only,READY_AS_BASELINE,source_level_available,source inspection; downstream source-of-truth construction after separate import validation,adjusted Shaikh construction; model-input panel construction; econometrics; direct Chapter 2 use without import pass,future S21_IMPORT_PROVIDER_V1_DATASET only,"Provider supplies ingredients only. This row is a construction contract, not staged data."
DOWNSTREAM__e_x_ME,e_x_ME,e_x_ME,NFC,analytical_construction,downstream_constructed_only,READY_AS_BASELINE,source_level_available,source inspection; downstream source-of-truth construction after separate import validation,adjusted Shaikh construction; model-input panel construction; econometrics; direct Chapter 2 use without import pass,future S21_IMPORT_PROVIDER_V1_DATASET only,"Provider supplies ingredients only. This row is a construction contract, not staged data."
DOWNSTREAM__e_x_ME_NRC_gap,e_x_ME_NRC_gap,e_x_ME_NRC_gap,NFC,analytical_construction,downstream_constructed_only,READY_AS_BASELINE,source_level_available,source inspection; downstream source-of-truth construction after separate import validation,adjusted Shaikh construction; model-input panel construction; econometrics; direct Chapter 2 use without import pass,future S21_IMPORT_PROVIDER_V1_DATASET only,"Provider supplies ingredients only. This row is a construction contract, not staged data."
DOWNSTREAM__e_x_NRC,e_x_NRC,e_x_NRC,NFC,analytical_construction,downstream_constructed_only,READY_AS_BASELINE,source_level_available,source inspection; downstream source-of-truth construction after separate import validation,adjusted Shaikh construction; model-input panel construction; econometrics; direct Chapter 2 use without import pass,future S21_IMPORT_PROVIDER_V1_DATASET only,"Provider supplies ingredients only. This row is a construction contract, not staged data."
DOWNSTREAM__GOV_TRANS_GPIM,GOV_TRANS_GPIM,GOV_TRANS_GPIM,NFC,analytical_construction,downstream_constructed_only,READY_AS_BASELINE,source_level_available,source inspection; downstream source-of-truth construction after separate import validation,adjusted Shaikh construction; model-input panel construction; econometrics; direct Chapter 2 use without import pass,future S21_IMPORT_PROVIDER_V1_DATASET only,"Provider supplies ingredients only. This row is a construction contract, not staged data."
DOWNSTREAM__IPP_NFC_GPIM,IPP_NFC_GPIM,IPP_NFC_GPIM,NFC,analytical_construction,downstream_constructed_only,READY_AS_BASELINE,source_level_available,source inspection; downstream source-of-truth construction after separate import validation,adjusted Shaikh construction; model-input panel construction; econometrics; direct Chapter 2 use without import pass,future S21_IMPORT_PROVIDER_V1_DATASET only,"Provider supplies ingredients only. This row is a construction contract, not staged data."
DOWNSTREAM__K_G_NFC_KCAP_GPIM,K_G_NFC_KCAP_GPIM,K_G_NFC_KCAP_GPIM,NFC,analytical_construction,downstream_constructed_only,READY_AS_BASELINE,source_level_available,source inspection; downstream source-of-truth construction after separate import validation,adjusted Shaikh construction; model-input panel construction; econometrics; direct Chapter 2 use without import pass,future S21_IMPORT_PROVIDER_V1_DATASET only,"Provider supplies ingredients only. This row is a construction contract, not staged data."
DOWNSTREAM__K_G_NFC_ME_GPIM,K_G_NFC_ME_GPIM,K_G_NFC_ME_GPIM,NFC,analytical_construction,downstream_constructed_only,READY_AS_BASELINE,source_level_available,source inspection; downstream source-of-truth construction after separate import validation,adjusted Shaikh construction; model-input panel construction; econometrics; direct Chapter 2 use without import pass,future S21_IMPORT_PROVIDER_V1_DATASET only,"Provider supplies ingredients only. This row is a construction contract, not staged data."
DOWNSTREAM__K_G_NFC_NRC_GPIM,K_G_NFC_NRC_GPIM,K_G_NFC_NRC_GPIM,NFC,analytical_construction,downstream_constructed_only,READY_AS_BASELINE,source_level_available,source inspection; downstream source-of-truth construction after separate import validation,adjusted Shaikh construction; model-input panel construction; econometrics; direct Chapter 2 use without import pass,future S21_IMPORT_PROVIDER_V1_DATASET only,"Provider supplies ingredients only. This row is a construction contract, not staged data."
DOWNSTREAM__K_N_NFC_KCAP_GPIM,K_N_NFC_KCAP_GPIM,K_N_NFC_KCAP_GPIM,NFC,analytical_construction,downstream_constructed_only,READY_AS_BASELINE,source_level_available,source inspection; downstream source-of-truth construction after separate import validation,adjusted Shaikh construction; model-input panel construction; econometrics; direct Chapter 2 use without import pass,future S21_IMPORT_PROVIDER_V1_DATASET only,"Provider supplies ingredients only. This row is a construction contract, not staged data."
DOWNSTREAM__K_N_NFC_ME_GPIM,K_N_NFC_ME_GPIM,K_N_NFC_ME_GPIM,NFC,analytical_construction,downstream_constructed_only,READY_AS_BASELINE,source_level_available,source inspection; downstream source-of-truth construction after separate import validation,adjusted Shaikh construction; model-input panel construction; econometrics; direct Chapter 2 use without import pass,future S21_IMPORT_PROVIDER_V1_DATASET only,"Provider supplies ingredients only. This row is a construction contract, not staged data."
DOWNSTREAM__K_N_NFC_NRC_GPIM,K_N_NFC_NRC_GPIM,K_N_NFC_NRC_GPIM,NFC,analytical_construction,downstream_constructed_only,READY_AS_BASELINE,source_level_available,source inspection; downstream source-of-truth construction after separate import validation,adjusted Shaikh construction; model-input panel construction; econometrics; direct Chapter 2 use without import pass,future S21_IMPORT_PROVIDER_V1_DATASET only,"Provider supplies ingredients only. This row is a construction contract, not staged data."
DOWNSTREAM__ln_e_adj_NFC,ln_e_adj_NFC,ln_e_adj_NFC,NFC,analytical_construction,downstream_constructed_only,READY_AS_BASELINE,source_level_available,source inspection; downstream source-of-truth construction after separate import validation,adjusted Shaikh construction; model-input panel construction; econometrics; direct Chapter 2 use without import pass,future S21_IMPORT_PROVIDER_V1_DATASET only,"Provider supplies ingredients only. This row is a construction contract, not staged data."
DOWNSTREAM__omega_adj_NFC,omega_adj_NFC,omega_adj_NFC,NFC,analytical_construction,downstream_constructed_only,READY_AS_BASELINE,source_level_available,source inspection; downstream source-of-truth construction after separate import validation,adjusted Shaikh construction; model-input panel construction; econometrics; direct Chapter 2 use without import pass,future S21_IMPORT_PROVIDER_V1_DATASET only,"Provider supplies ingredients only. This row is a construction contract, not staged data."
DOWNSTREAM__P_K_NFC_ME_GPIM,P_K_NFC_ME_GPIM,P_K_NFC_ME_GPIM,NFC,analytical_construction,downstream_constructed_only,READY_AS_BASELINE,source_level_available,source inspection; downstream source-of-truth construction after separate import validation,adjusted Shaikh construction; model-input panel construction; econometrics; direct Chapter 2 use without import pass,future S21_IMPORT_PROVIDER_V1_DATASET only,"Provider supplies ingredients only. This row is a construction contract, not staged data."
DOWNSTREAM__P_K_NFC_NRC_GPIM,P_K_NFC_NRC_GPIM,P_K_NFC_NRC_GPIM,NFC,analytical_construction,downstream_constructed_only,READY_AS_BASELINE,source_level_available,source inspection; downstream source-of-truth construction after separate import validation,adjusted Shaikh construction; model-input panel construction; econometrics; direct Chapter 2 use without import pass,future S21_IMPORT_PROVIDER_V1_DATASET only,"Provider supplies ingredients only. This row is a construction contract, not staged data."
DOWNSTREAM__pi_adj_NFC,pi_adj_NFC,pi_adj_NFC,NFC,analytical_construction,downstream_constructed_only,READY_AS_BASELINE,source_level_available,source inspection; downstream source-of-truth construction after separate import validation,adjusted Shaikh construction; model-input panel construction; econometrics; direct Chapter 2 use without import pass,future S21_IMPORT_PROVIDER_V1_DATASET only,"Provider supplies ingredients only. This row is a construction contract, not staged data."
INVENTORIES_MENU,inventories_menu,inventory_diagnostic,CORP,income_accounts,requires_manual_mapping,THEORETICALLY_MIXED_REVIEW_REQUIRED,metadata_or_mapping_review_required,documentation and mapping review only,adjusted Shaikh construction; model-input panel construction; econometrics; direct Chapter 2 use without import pass,future S21_IMPORT_PROVIDER_V1_DATASET only,Optional circulation stock-flow diagnostic.
CORP__current_transfer_payments,CORP_current_transfer_payments,Shaikh_income_correction,CORP,income_accounts,requires_manual_mapping,THEORETICALLY_MIXED_REVIEW_REQUIRED,metadata_or_mapping_review_required,documentation and mapping review only,adjusted Shaikh construction; model-input panel construction; econometrics; direct Chapter 2 use without import pass,future S21_IMPORT_PROVIDER_V1_DATASET only,"Net lines may be staged from T1.14, but gross payment/receipt components must not be inferred."
CORP__current_transfer_receipts,CORP_current_transfer_receipts,Shaikh_income_correction,CORP,income_accounts,requires_manual_mapping,THEORETICALLY_MIXED_REVIEW_REQUIRED,metadata_or_mapping_review_required,documentation and mapping review only,adjusted Shaikh construction; model-input panel construction; econometrics; direct Chapter 2 use without import pass,future S21_IMPORT_PROVIDER_V1_DATASET only,"Net lines may be staged from T1.14, but gross payment/receipt components must not be inferred."
CORP__dividends_paid,CORP_dividends_paid,Shaikh_income_correction,CORP,income_accounts,requires_manual_mapping,THEORETICALLY_MIXED_REVIEW_REQUIRED,metadata_or_mapping_review_required,documentation and mapping review only,adjusted Shaikh construction; model-input panel construction; econometrics; direct Chapter 2 use without import pass,future S21_IMPORT_PROVIDER_V1_DATASET only,"Net lines may be staged from T1.14, but gross payment/receipt components must not be inferred."
CORP__dividends_received,CORP_dividends_received,Shaikh_income_correction,CORP,income_accounts,requires_manual_mapping,THEORETICALLY_MIXED_REVIEW_REQUIRED,metadata_or_mapping_review_required,documentation and mapping review only,adjusted Shaikh construction; model-input panel construction; econometrics; direct Chapter 2 use without import pass,future S21_IMPORT_PROVIDER_V1_DATASET only,"Net lines may be staged from T1.14, but gross payment/receipt components must not be inferred."
CORP__IPP__cfc_current_cost,CORP_intellectual_property_products_cfc_current_cost,frontier_conditioning_variables,CORP,fixed_assets,staged,READY_AS_BASELINE,source_level_available,source inspection; downstream source-of-truth construction after separate import validation,adjusted Shaikh construction; model-input panel construction; econometrics; direct Chapter 2 use without import pass,future S21_IMPORT_PROVIDER_V1_DATASET only,Direct BEA line. ME and NRC enter preferred K_cap downstream; IPP does not.
CORP__IPP__gross_investment_current_cost,CORP_intellectual_property_products_gross_investment_current_cost,frontier_conditioning_variables,CORP,fixed_assets,staged,READY_AS_BASELINE,source_level_available,source inspection; downstream source-of-truth construction after separate import validation,adjusted Shaikh construction; model-input panel construction; econometrics; direct Chapter 2 use without import pass,future S21_IMPORT_PROVIDER_V1_DATASET only,Direct BEA line. ME and NRC enter preferred K_cap downstream; IPP does not.
CORP__IPP__gross_stock_current_cost,CORP_intellectual_property_products_gross_stock_current_cost,downstream_GPIM_benchmark,CORP,fixed_assets,not_available,THEORETICALLY_MIXED_REVIEW_REQUIRED,metadata_or_mapping_review_required,documentation and mapping review only,adjusted Shaikh construction; model-input panel construction; econometrics; direct Chapter 2 use without import pass,future S21_IMPORT_PROVIDER_V1_DATASET only,Preserve as a required gap. Do not substitute net stock or construct GPIM here.
CORP__IPP__net_stock_current_cost,CORP_intellectual_property_products_net_stock_current_cost,frontier_conditioning_variables,CORP,fixed_assets,staged,READY_AS_BASELINE,source_level_available,source inspection; downstream source-of-truth construction after separate import validation,adjusted Shaikh construction; model-input panel construction; econometrics; direct Chapter 2 use without import pass,future S21_IMPORT_PROVIDER_V1_DATASET only,Direct BEA line. ME and NRC enter preferred K_cap downstream; IPP does not.
CORP__IPP__net_stock_quantity_index,CORP_intellectual_property_products_net_stock_quantity_index,frontier_conditioning_variables,CORP,fixed_assets,staged,READY_AS_BASELINE,source_level_available,source inspection; downstream source-of-truth construction after separate import validation,adjusted Shaikh construction; model-input panel construction; econometrics; direct Chapter 2 use without import pass,future S21_IMPORT_PROVIDER_V1_DATASET only,Direct BEA line. ME and NRC enter preferred K_cap downstream; IPP does not.
CORP__IPP__retirements,CORP_intellectual_property_products_retirements,downstream_GPIM_diagnostics,CORP,fixed_assets,not_available,THEORETICALLY_MIXED_REVIEW_REQUIRED,metadata_or_mapping_review_required,documentation and mapping review only,adjusted Shaikh construction; model-input panel construction; econometrics; direct Chapter 2 use without import pass,future S21_IMPORT_PROVIDER_V1_DATASET only,Retain as an explicit provider gap; no residual construction is permitted here.
CORP__IPP__revaluation_holding_gains,CORP_intellectual_property_products_revaluation_holding_gains,downstream_GPIM_diagnostics,CORP,fixed_assets,not_available,THEORETICALLY_MIXED_REVIEW_REQUIRED,metadata_or_mapping_review_required,documentation and mapping review only,adjusted Shaikh construction; model-input panel construction; econometrics; direct Chapter 2 use without import pass,future S21_IMPORT_PROVIDER_V1_DATASET only,Retain as an explicit provider gap; no residual construction is permitted here.
CORP__ME__cfc_current_cost,CORP_machinery_equipment_cfc_current_cost,downstream_GPIM_and_K_cap,CORP,fixed_assets,staged,READY_AS_BASELINE,source_level_available,source inspection; downstream source-of-truth construction after separate import validation,adjusted Shaikh construction; model-input panel construction; econometrics; direct Chapter 2 use without import pass,future S21_IMPORT_PROVIDER_V1_DATASET only,Direct BEA line. ME and NRC enter preferred K_cap downstream; IPP does not.
CORP__ME__gross_investment_current_cost,CORP_machinery_equipment_gross_investment_current_cost,downstream_GPIM_and_K_cap,CORP,fixed_assets,staged,READY_AS_BASELINE,source_level_available,source inspection; downstream source-of-truth construction after separate import validation,adjusted Shaikh construction; model-input panel construction; econometrics; direct Chapter 2 use without import pass,future S21_IMPORT_PROVIDER_V1_DATASET only,Direct BEA line. ME and NRC enter preferred K_cap downstream; IPP does not.
CORP__ME__gross_stock_current_cost,CORP_machinery_equipment_gross_stock_current_cost,downstream_GPIM_benchmark,CORP,fixed_assets,not_available,THEORETICALLY_MIXED_REVIEW_REQUIRED,metadata_or_mapping_review_required,documentation and mapping review only,adjusted Shaikh construction; model-input panel construction; econometrics; direct Chapter 2 use without import pass,future S21_IMPORT_PROVIDER_V1_DATASET only,Preserve as a required gap. Do not substitute net stock or construct GPIM here.
CORP__ME__net_stock_current_cost,CORP_machinery_equipment_net_stock_current_cost,downstream_GPIM_and_K_cap,CORP,fixed_assets,staged,READY_AS_BASELINE,source_level_available,source inspection; downstream source-of-truth construction after separate import validation,adjusted Shaikh construction; model-input panel construction; econometrics; direct Chapter 2 use without import pass,future S21_IMPORT_PROVIDER_V1_DATASET only,Direct BEA line. ME and NRC enter preferred K_cap downstream; IPP does not.
CORP__ME__net_stock_quantity_index,CORP_machinery_equipment_net_stock_quantity_index,downstream_GPIM_and_K_cap,CORP,fixed_assets,staged,READY_AS_BASELINE,source_level_available,source inspection; downstream source-of-truth construction after separate import validation,adjusted Shaikh construction; model-input panel construction; econometrics; direct Chapter 2 use without import pass,future S21_IMPORT_PROVIDER_V1_DATASET only,Direct BEA line. ME and NRC enter preferred K_cap downstream; IPP does not.
CORP__ME__retirements,CORP_machinery_equipment_retirements,downstream_GPIM_diagnostics,CORP,fixed_assets,not_available,THEORETICALLY_MIXED_REVIEW_REQUIRED,metadata_or_mapping_review_required,documentation and mapping review only,adjusted Shaikh construction; model-input panel construction; econometrics; direct Chapter 2 use without import pass,future S21_IMPORT_PROVIDER_V1_DATASET only,Retain as an explicit provider gap; no residual construction is permitted here.
CORP__ME__revaluation_holding_gains,CORP_machinery_equipment_revaluation_holding_gains,downstream_GPIM_diagnostics,CORP,fixed_assets,not_available,THEORETICALLY_MIXED_REVIEW_REQUIRED,metadata_or_mapping_review_required,documentation and mapping review only,adjusted Shaikh construction; model-input panel construction; econometrics; direct Chapter 2 use without import pass,future S21_IMPORT_PROVIDER_V1_DATASET only,Retain as an explicit provider gap; no residual construction is permitted here.
CORP__NRC__cfc_current_cost,CORP_nonresidential_structures_cfc_current_cost,downstream_GPIM_and_K_cap,CORP,fixed_assets,staged,READY_AS_BASELINE,source_level_available,source inspection; downstream source-of-truth construction after separate import validation,adjusted Shaikh construction; model-input panel construction; econometrics; direct Chapter 2 use without import pass,future S21_IMPORT_PROVIDER_V1_DATASET only,Direct BEA line. ME and NRC enter preferred K_cap downstream; IPP does not.
CORP__NRC__gross_investment_current_cost,CORP_nonresidential_structures_gross_investment_current_cost,downstream_GPIM_and_K_cap,CORP,fixed_assets,staged,READY_AS_BASELINE,source_level_available,source inspection; downstream source-of-truth construction after separate import validation,adjusted Shaikh construction; model-input panel construction; econometrics; direct Chapter 2 use without import pass,future S21_IMPORT_PROVIDER_V1_DATASET only,Direct BEA line. ME and NRC enter preferred K_cap downstream; IPP does not.
CORP__NRC__gross_stock_current_cost,CORP_nonresidential_structures_gross_stock_current_cost,downstream_GPIM_benchmark,CORP,fixed_assets,not_available,THEORETICALLY_MIXED_REVIEW_REQUIRED,metadata_or_mapping_review_required,documentation and mapping review only,adjusted Shaikh construction; model-input panel construction; econometrics; direct Chapter 2 use without import pass,future S21_IMPORT_PROVIDER_V1_DATASET only,Preserve as a required gap. Do not substitute net stock or construct GPIM here.
CORP__NRC__net_stock_current_cost,CORP_nonresidential_structures_net_stock_current_cost,downstream_GPIM_and_K_cap,CORP,fixed_assets,staged,READY_AS_BASELINE,source_level_available,source inspection; downstream source-of-truth construction after separate import validation,adjusted Shaikh construction; model-input panel construction; econometrics; direct Chapter 2 use without import pass,future S21_IMPORT_PROVIDER_V1_DATASET only,Direct BEA line. ME and NRC enter preferred K_cap downstream; IPP does not.
CORP__NRC__net_stock_quantity_index,CORP_nonresidential_structures_net_stock_quantity_index,downstream_GPIM_and_K_cap,CORP,fixed_assets,staged,READY_AS_BASELINE,source_level_available,source inspection; downstream source-of-truth construction after separate import validation,adjusted Shaikh construction; model-input panel construction; econometrics; direct Chapter 2 use without import pass,future S21_IMPORT_PROVIDER_V1_DATASET only,Direct BEA line. ME and NRC enter preferred K_cap downstream; IPP does not.
CORP__NRC__retirements,CORP_nonresidential_structures_retirements,downstream_GPIM_diagnostics,CORP,fixed_assets,not_available,THEORETICALLY_MIXED_REVIEW_REQUIRED,metadata_or_mapping_review_required,documentation and mapping review only,adjusted Shaikh construction; model-input panel construction; econometrics; direct Chapter 2 use without import pass,future S21_IMPORT_PROVIDER_V1_DATASET only,Retain as an explicit provider gap; no residual construction is permitted here.
CORP__NRC__revaluation_holding_gains,CORP_nonresidential_structures_revaluation_holding_gains,downstream_GPIM_diagnostics,CORP,fixed_assets,not_available,THEORETICALLY_MIXED_REVIEW_REQUIRED,metadata_or_mapping_review_required,documentation and mapping review only,adjusted Shaikh construction; model-input panel construction; econometrics; direct Chapter 2 use without import pass,future S21_IMPORT_PROVIDER_V1_DATASET only,Retain as an explicit provider gap; no residual construction is permitted here.
CORP__TOTAL__cfc_current_cost,CORP_total_cfc_current_cost,sector_total_diagnostic,CORP,fixed_assets,staged,READY_AS_BASELINE,source_level_available,source inspection; downstream source-of-truth construction after separate import validation,adjusted Shaikh construction; model-input panel construction; econometrics; direct Chapter 2 use without import pass,future S21_IMPORT_PROVIDER_V1_DATASET only,Direct BEA line. ME and NRC enter preferred K_cap downstream; IPP does not.
CORP__TOTAL__gross_investment_current_cost,CORP_total_gross_investment_current_cost,sector_total_diagnostic,CORP,fixed_assets,staged,READY_AS_BASELINE,source_level_available,source inspection; downstream source-of-truth construction after separate import validation,adjusted Shaikh construction; model-input panel construction; econometrics; direct Chapter 2 use without import pass,future S21_IMPORT_PROVIDER_V1_DATASET only,Direct BEA line. ME and NRC enter preferred K_cap downstream; IPP does not.
CORP__TOTAL__gross_stock_current_cost,CORP_total_gross_stock_current_cost,downstream_GPIM_benchmark,CORP,fixed_assets,not_available,THEORETICALLY_MIXED_REVIEW_REQUIRED,metadata_or_mapping_review_required,documentation and mapping review only,adjusted Shaikh construction; model-input panel construction; econometrics; direct Chapter 2 use without import pass,future S21_IMPORT_PROVIDER_V1_DATASET only,Preserve as a required gap. Do not substitute net stock or construct GPIM here.
CORP__TOTAL__net_stock_current_cost,CORP_total_net_stock_current_cost,sector_total_diagnostic,CORP,fixed_assets,staged,READY_AS_BASELINE,source_level_available,source inspection; downstream source-of-truth construction after separate import validation,adjusted Shaikh construction; model-input panel construction; econometrics; direct Chapter 2 use without import pass,future S21_IMPORT_PROVIDER_V1_DATASET only,Direct BEA line. ME and NRC enter preferred K_cap downstream; IPP does not.
CORP__TOTAL__net_stock_quantity_index,CORP_total_net_stock_quantity_index,sector_total_diagnostic,CORP,fixed_assets,staged,READY_AS_BASELINE,source_level_available,source inspection; downstream source-of-truth construction after separate import validation,adjusted Shaikh construction; model-input panel construction; econometrics; direct Chapter 2 use without import pass,future S21_IMPORT_PROVIDER_V1_DATASET only,Direct BEA line. ME and NRC enter preferred K_cap downstream; IPP does not.
CORP_CFC,CORP_consumption_fixed_capital,Shaikh_income_correction_and_distributive_variables,CORP,income_accounts,staged,READY_AS_BASELINE,source_level_available,source inspection; downstream source-of-truth construction after separate import validation,adjusted Shaikh construction; model-input panel construction; econometrics; direct Chapter 2 use without import pass,future S21_IMPORT_PROVIDER_V1_DATASET only,Direct NIPA Table 1.14 line; no adjusted share is constructed here.
CORP_COMP,CORP_compensation_employees,Shaikh_income_correction_and_distributive_variables,CORP,income_accounts,staged,READY_AS_BASELINE,source_level_available,source inspection; downstream source-of-truth construction after separate import validation,adjusted Shaikh construction; model-input panel construction; econometrics; direct Chapter 2 use without import pass,future S21_IMPORT_PROVIDER_V1_DATASET only,Direct NIPA Table 1.14 line; no adjusted share is constructed here.
CORP_DIVIDENDS_NET,CORP_net_dividends,Shaikh_income_correction_and_distributive_variables,CORP,income_accounts,staged,READY_AS_BASELINE,source_level_available,source inspection; downstream source-of-truth construction after separate import validation,adjusted Shaikh construction; model-input panel construction; econometrics; direct Chapter 2 use without import pass,future S21_IMPORT_PROVIDER_V1_DATASET only,Direct NIPA Table 1.14 line; no adjusted share is constructed here.
CORP_GVA,CORP_gross_value_added,Shaikh_income_correction_and_distributive_variables,CORP,income_accounts,staged,READY_AS_BASELINE,source_level_available,source inspection; downstream source-of-truth construction after separate import validation,adjusted Shaikh construction; model-input panel construction; econometrics; direct Chapter 2 use without import pass,future S21_IMPORT_PROVIDER_V1_DATASET only,Direct NIPA Table 1.14 line; no adjusted share is constructed here.
CORP_NET_INT,CORP_net_interest_misc_payments,Shaikh_income_correction_and_distributive_variables,CORP,income_accounts,staged,READY_AS_BASELINE,source_level_available,source inspection; downstream source-of-truth construction after separate import validation,adjusted Shaikh construction; model-input panel construction; econometrics; direct Chapter 2 use without import pass,future S21_IMPORT_PROVIDER_V1_DATASET only,Direct NIPA Table 1.14 line; no adjusted share is constructed here.
CORP_NOS,CORP_net_operating_surplus,Shaikh_income_correction_and_distributive_variables,CORP,income_accounts,staged,READY_AS_BASELINE,source_level_available,source inspection; downstream source-of-truth construction after separate import validation,adjusted Shaikh construction; model-input panel construction; econometrics; direct Chapter 2 use without import pass,future S21_IMPORT_PROVIDER_V1_DATASET only,Direct NIPA Table 1.14 line; no adjusted share is constructed here.
CORP_NVA,CORP_net_value_added,Shaikh_income_correction_and_distributive_variables,CORP,income_accounts,staged,READY_AS_BASELINE,source_level_available,source inspection; downstream source-of-truth construction after separate import validation,adjusted Shaikh construction; model-input panel construction; econometrics; direct Chapter 2 use without import pass,future S21_IMPORT_PROVIDER_V1_DATASET only,Direct NIPA Table 1.14 line; no adjusted share is constructed here.
CORP_PBT,CORP_profits_before_tax,Shaikh_income_correction_and_distributive_variables,CORP,income_accounts,staged,READY_AS_BASELINE,source_level_available,source inspection; downstream source-of-truth construction after separate import validation,adjusted Shaikh construction; model-input panel construction; econometrics; direct Chapter 2 use without import pass,future S21_IMPORT_PROVIDER_V1_DATASET only,Direct NIPA Table 1.14 line; no adjusted share is constructed here.
CORP_PROFITS_IVA_CC,CORP_profits_with_IVA_CCAdj,Shaikh_income_correction_and_distributive_variables,CORP,income_accounts,staged,READY_AS_BASELINE,source_level_available,source inspection; downstream source-of-truth construction after separate import validation,adjusted Shaikh construction; model-input panel construction; econometrics; direct Chapter 2 use without import pass,future S21_IMPORT_PROVIDER_V1_DATASET only,Direct NIPA Table 1.14 line; no adjusted share is constructed here.
CORP_TRANSFERS_NET,CORP_business_current_transfers_net,Shaikh_income_correction_and_distributive_variables,CORP,income_accounts,staged,READY_AS_BASELINE,source_level_available,source inspection; downstream source-of-truth construction after separate import validation,adjusted Shaikh construction; model-input panel construction; econometrics; direct Chapter 2 use without import pass,future S21_IMPORT_PROVIDER_V1_DATASET only,Direct NIPA Table 1.14 line; no adjusted share is constructed here.
T711_L52,BankMonIntPaid_paid_state_local,shaikh_candidate_semantic_audit_only,CORP_FIN_BOUNDARY,imputed_interest,staged,READY_AS_BASELINE,source_level_available,source inspection; downstream source-of-truth construction after separate import validation,adjusted Shaikh construction; model-input panel construction; econometrics; direct Chapter 2 use without import pass,future S21_IMPORT_PROVIDER_V1_DATASET only,Candidate Shaikh-line ingredient only. Staged with provenance. Not semantically admissible for CorpImpIntAdj_t construction until historical/current crosswalk validation passes.
T711_L53,CorpNFNetImpIntPaid_line53,shaikh_candidate_semantic_audit_only,CORP_FIN_BOUNDARY,imputed_interest,staged,READY_AS_BASELINE,source_level_available,source inspection; downstream source-of-truth construction after separate import validation,adjusted Shaikh construction; model-input panel construction; econometrics; direct Chapter 2 use without import pass,future S21_IMPORT_PROVIDER_V1_DATASET only,Candidate Shaikh-line ingredient only. Staged with provenance. Not semantically admissible for CorpImpIntAdj_t construction until historical/current crosswalk validation passes.
T711_L73,BankMonIntPaid_received_federal,shaikh_candidate_semantic_audit_only,CORP_FIN_BOUNDARY,imputed_interest,staged,READY_AS_BASELINE,source_level_available,source inspection; downstream source-of-truth construction after separate import validation,adjusted Shaikh construction; model-input panel construction; econometrics; direct Chapter 2 use without import pass,future S21_IMPORT_PROVIDER_V1_DATASET only,Candidate Shaikh-line ingredient only. Staged with provenance. Not semantically admissible for CorpImpIntAdj_t construction until historical/current crosswalk validation passes.
T711_L74,CorpNFNetImpIntPaid_line74,shaikh_candidate_semantic_audit_only,CORP_FIN_BOUNDARY,imputed_interest,staged,READY_AS_BASELINE,source_level_available,source inspection; downstream source-of-truth construction after separate import validation,adjusted Shaikh construction; model-input panel construction; econometrics; direct Chapter 2 use without import pass,future S21_IMPORT_PROVIDER_V1_DATASET only,Candidate Shaikh-line ingredient only. Staged with provenance. Not semantically admissible for CorpImpIntAdj_t construction until historical/current crosswalk validation passes.
T711_L91,BankMonIntPaid_paid_government,shaikh_candidate_semantic_audit_only,CORP_FIN_BOUNDARY,imputed_interest,staged,READY_AS_BASELINE,source_level_available,source inspection; downstream source-of-truth construction after separate import validation,adjusted Shaikh construction; model-input panel construction; econometrics; direct Chapter 2 use without import pass,future S21_IMPORT_PROVIDER_V1_DATASET only,Candidate Shaikh-line ingredient only. Staged with provenance. Not semantically admissible for CorpImpIntAdj_t construction until historical/current crosswalk validation passes.
FIN__current_transfer_payments,FIN_current_transfer_payments,Shaikh_income_correction,FIN,income_accounts,requires_manual_mapping,THEORETICALLY_MIXED_REVIEW_REQUIRED,metadata_or_mapping_review_required,documentation and mapping review only,adjusted Shaikh construction; model-input panel construction; econometrics; direct Chapter 2 use without import pass,future S21_IMPORT_PROVIDER_V1_DATASET only,"Net lines may be staged from T1.14, but gross payment/receipt components must not be inferred."
FIN__current_transfer_receipts,FIN_current_transfer_receipts,Shaikh_income_correction,FIN,income_accounts,requires_manual_mapping,THEORETICALLY_MIXED_REVIEW_REQUIRED,metadata_or_mapping_review_required,documentation and mapping review only,adjusted Shaikh construction; model-input panel construction; econometrics; direct Chapter 2 use without import pass,future S21_IMPORT_PROVIDER_V1_DATASET only,"Net lines may be staged from T1.14, but gross payment/receipt components must not be inferred."
FIN__dividends_paid,FIN_dividends_paid,Shaikh_income_correction,FIN,income_accounts,requires_manual_mapping,THEORETICALLY_MIXED_REVIEW_REQUIRED,metadata_or_mapping_review_required,documentation and mapping review only,adjusted Shaikh construction; model-input panel construction; econometrics; direct Chapter 2 use without import pass,future S21_IMPORT_PROVIDER_V1_DATASET only,"Net lines may be staged from T1.14, but gross payment/receipt components must not be inferred."
FIN__dividends_received,FIN_dividends_received,Shaikh_income_correction,FIN,income_accounts,requires_manual_mapping,THEORETICALLY_MIXED_REVIEW_REQUIRED,metadata_or_mapping_review_required,documentation and mapping review only,adjusted Shaikh construction; model-input panel construction; econometrics; direct Chapter 2 use without import pass,future S21_IMPORT_PROVIDER_V1_DATASET only,"Net lines may be staged from T1.14, but gross payment/receipt components must not be inferred."
FIN_CFC,FIN_CFC,financial_corporate_correction_layer,FIN,income_accounts,downstream_constructed_only,DOCUMENTATION_AND_RECONCILIATION_CANDIDATE,metadata_or_mapping_review_required,documentation and mapping review only,adjusted Shaikh construction; model-input panel construction; econometrics; direct Chapter 2 use without import pass,future S21_IMPORT_PROVIDER_V1_DATASET only,Do not silently substitute total financial business. Downstream derivation must cite inputs.
FIN_COMP,FIN_COMP,financial_corporate_correction_layer,FIN,income_accounts,downstream_constructed_only,DOCUMENTATION_AND_RECONCILIATION_CANDIDATE,metadata_or_mapping_review_required,documentation and mapping review only,adjusted Shaikh construction; model-input panel construction; econometrics; direct Chapter 2 use without import pass,future S21_IMPORT_PROVIDER_V1_DATASET only,Do not silently substitute total financial business. Downstream derivation must cite inputs.
FIN_DIVIDENDS,FIN_DIVIDENDS,financial_corporate_correction_layer,FIN,income_accounts,downstream_constructed_only,DOCUMENTATION_AND_RECONCILIATION_CANDIDATE,metadata_or_mapping_review_required,documentation and mapping review only,adjusted Shaikh construction; model-input panel construction; econometrics; direct Chapter 2 use without import pass,future S21_IMPORT_PROVIDER_V1_DATASET only,Do not silently substitute total financial business. Downstream derivation must cite inputs.
FIN_GVA,FIN_gross_value_added,Shaikh_income_correction_and_distributive_variables,FIN,income_accounts,staged,DOCUMENTATION_AND_RECONCILIATION_CANDIDATE,metadata_or_mapping_review_required,documentation and mapping review only,adjusted Shaikh construction; model-input panel construction; econometrics; direct Chapter 2 use without import pass,future S21_IMPORT_PROVIDER_V1_DATASET only,Direct NIPA Table 1.14 line; no adjusted share is constructed here.
FIN_NET_INT,FIN_NET_INT,financial_corporate_correction_layer,FIN,income_accounts,downstream_constructed_only,DOCUMENTATION_AND_RECONCILIATION_CANDIDATE,metadata_or_mapping_review_required,documentation and mapping review only,adjusted Shaikh construction; model-input panel construction; econometrics; direct Chapter 2 use without import pass,future S21_IMPORT_PROVIDER_V1_DATASET only,Do not silently substitute total financial business. Downstream derivation must cite inputs.
FIN_NOS,FIN_NOS,financial_corporate_correction_layer,FIN,income_accounts,downstream_constructed_only,DOCUMENTATION_AND_RECONCILIATION_CANDIDATE,metadata_or_mapping_review_required,documentation and mapping review only,adjusted Shaikh construction; model-input panel construction; econometrics; direct Chapter 2 use without import pass,future S21_IMPORT_PROVIDER_V1_DATASET only,Do not silently substitute total financial business. Downstream derivation must cite inputs.
FIN_NVA,FIN_NVA,financial_corporate_correction_layer,FIN,income_accounts,downstream_constructed_only,DOCUMENTATION_AND_RECONCILIATION_CANDIDATE,metadata_or_mapping_review_required,documentation and mapping review only,adjusted Shaikh construction; model-input panel construction; econometrics; direct Chapter 2 use without import pass,future S21_IMPORT_PROVIDER_V1_DATASET only,Do not silently substitute total financial business. Downstream derivation must cite inputs.
FIN_PBT,FIN_PBT,financial_corporate_correction_layer,FIN,income_accounts,downstream_constructed_only,DOCUMENTATION_AND_RECONCILIATION_CANDIDATE,metadata_or_mapping_review_required,documentation and mapping review only,adjusted Shaikh construction; model-input panel construction; econometrics; direct Chapter 2 use without import pass,future S21_IMPORT_PROVIDER_V1_DATASET only,Do not silently substitute total financial business. Downstream derivation must cite inputs.
FIN_TRANSFERS,FIN_TRANSFERS,financial_corporate_correction_layer,FIN,income_accounts,downstream_constructed_only,DOCUMENTATION_AND_RECONCILIATION_CANDIDATE,metadata_or_mapping_review_required,documentation and mapping review only,adjusted Shaikh construction; model-input panel construction; econometrics; direct Chapter 2 use without import pass,future S21_IMPORT_PROVIDER_V1_DATASET only,Do not silently substitute total financial business. Downstream derivation must cite inputs.
T711_L28,BankMonIntPaid_received_financial,shaikh_candidate_semantic_audit_only,FIN,imputed_interest,staged,READY_AS_BASELINE,source_level_available,source inspection; downstream source-of-truth construction after separate import validation,adjusted Shaikh construction; model-input panel construction; econometrics; direct Chapter 2 use without import pass,future S21_IMPORT_PROVIDER_V1_DATASET only,Candidate Shaikh-line ingredient only. Staged with provenance. Not semantically admissible for CorpImpIntAdj_t construction until historical/current crosswalk validation passes.
T711_L4,BankMonIntPaid_paid_financial,shaikh_candidate_semantic_audit_only,FIN,imputed_interest,staged,READY_AS_BASELINE,source_level_available,source inspection; downstream source-of-truth construction after separate import validation,adjusted Shaikh construction; model-input panel construction; econometrics; direct Chapter 2 use without import pass,future S21_IMPORT_PROVIDER_V1_DATASET only,Candidate Shaikh-line ingredient only. Staged with provenance. Not semantically admissible for CorpImpIntAdj_t construction until historical/current crosswalk validation passes.
T711_L44,BankMonIntPaid_paid_banks_credit_investment,shaikh_candidate_semantic_audit_only,FIN,imputed_interest,staged,READY_AS_BASELINE,source_level_available,source inspection; downstream source-of-truth construction after separate import validation,adjusted Shaikh construction; model-input panel construction; econometrics; direct Chapter 2 use without import pass,future S21_IMPORT_PROVIDER_V1_DATASET only,Candidate Shaikh-line ingredient only. Staged with provenance. Not semantically admissible for CorpImpIntAdj_t construction until historical/current crosswalk validation passes.
GOV_TRANS__gross_stock_current_cost,GOV_TRANS_gross_stock_current_cost,GOV_TRANS_GPIM,GOV_TRANS,government_fixed_assets,not_available,THEORETICALLY_MIXED_REVIEW_REQUIRED,metadata_or_mapping_review_required,documentation and mapping review only,adjusted Shaikh construction; model-input panel construction; econometrics; direct Chapter 2 use without import pass,future S21_IMPORT_PROVIDER_V1_DATASET only,Do not substitute net stock. Downstream GPIM must be explicit.
GOV_TRANS__HIGHWAYS_STREETS__cfc_current_cost,GOV_TRANS_highways_streets_cfc_current_cost,GOV_TRANS_GPIM_and_frontier_conditioning_variables,GOV_TRANS,government_fixed_assets,staged,READY_AS_BASELINE,source_level_available,source inspection; downstream source-of-truth construction after separate import validation,adjusted Shaikh construction; model-input panel construction; econometrics; direct Chapter 2 use without import pass,future S21_IMPORT_PROVIDER_V1_DATASET only,Component of downstream GOV_TRANS aggregate; do not add to preferred private K_cap.
GOV_TRANS__HIGHWAYS_STREETS__gross_investment_current_cost,GOV_TRANS_highways_streets_gross_investment_current_cost,GOV_TRANS_GPIM_and_frontier_conditioning_variables,GOV_TRANS,government_fixed_assets,staged,READY_AS_BASELINE,source_level_available,source inspection; downstream source-of-truth construction after separate import validation,adjusted Shaikh construction; model-input panel construction; econometrics; direct Chapter 2 use without import pass,future S21_IMPORT_PROVIDER_V1_DATASET only,Live BEA FAAt705 mapping verified on 2026-06-09. Component of downstream GOV_TRANS aggregate; do not add to preferred private K_cap.
GOV_TRANS__HIGHWAYS_STREETS__net_stock_current_cost,GOV_TRANS_highways_streets_net_stock_current_cost,GOV_TRANS_GPIM_and_frontier_conditioning_variables,GOV_TRANS,government_fixed_assets,staged,READY_AS_BASELINE,source_level_available,source inspection; downstream source-of-truth construction after separate import validation,adjusted Shaikh construction; model-input panel construction; econometrics; direct Chapter 2 use without import pass,future S21_IMPORT_PROVIDER_V1_DATASET only,Component of downstream GOV_TRANS aggregate; do not add to preferred private K_cap.
GOV_TRANS__HIGHWAYS_STREETS__net_stock_quantity_index,GOV_TRANS_highways_streets_net_stock_quantity_index,GOV_TRANS_GPIM_and_frontier_conditioning_variables,GOV_TRANS,government_fixed_assets,staged,READY_AS_BASELINE,source_level_available,source inspection; downstream source-of-truth construction after separate import validation,adjusted Shaikh construction; model-input panel construction; econometrics; direct Chapter 2 use without import pass,future S21_IMPORT_PROVIDER_V1_DATASET only,Component of downstream GOV_TRANS aggregate; do not add to preferred private K_cap.
GOV_TRANS__TRANSPORTATION_STRUCTURES__cfc_current_cost,GOV_TRANS_transportation_structures_cfc_current_cost,GOV_TRANS_GPIM_and_frontier_conditioning_variables,GOV_TRANS,government_fixed_assets,staged,READY_AS_BASELINE,source_level_available,source inspection; downstream source-of-truth construction after separate import validation,adjusted Shaikh construction; model-input panel construction; econometrics; direct Chapter 2 use without import pass,future S21_IMPORT_PROVIDER_V1_DATASET only,Component of downstream GOV_TRANS aggregate; do not add to preferred private K_cap.
GOV_TRANS__TRANSPORTATION_STRUCTURES__gross_investment_current_cost,GOV_TRANS_transportation_structures_gross_investment_current_cost,GOV_TRANS_GPIM_and_frontier_conditioning_variables,GOV_TRANS,government_fixed_assets,staged,READY_AS_BASELINE,source_level_available,source inspection; downstream source-of-truth construction after separate import validation,adjusted Shaikh construction; model-input panel construction; econometrics; direct Chapter 2 use without import pass,future S21_IMPORT_PROVIDER_V1_DATASET only,Live BEA FAAt705 mapping verified on 2026-06-09. Component of downstream GOV_TRANS aggregate; do not add to preferred private K_cap.
GOV_TRANS__TRANSPORTATION_STRUCTURES__net_stock_current_cost,GOV_TRANS_transportation_structures_net_stock_current_cost,GOV_TRANS_GPIM_and_frontier_conditioning_variables,GOV_TRANS,government_fixed_assets,staged,READY_AS_BASELINE,source_level_available,source inspection; downstream source-of-truth construction after separate import validation,adjusted Shaikh construction; model-input panel construction; econometrics; direct Chapter 2 use without import pass,future S21_IMPORT_PROVIDER_V1_DATASET only,Component of downstream GOV_TRANS aggregate; do not add to preferred private K_cap.
GOV_TRANS__TRANSPORTATION_STRUCTURES__net_stock_quantity_index,GOV_TRANS_transportation_structures_net_stock_quantity_index,GOV_TRANS_GPIM_and_frontier_conditioning_variables,GOV_TRANS,government_fixed_assets,staged,READY_AS_BASELINE,source_level_available,source inspection; downstream source-of-truth construction after separate import validation,adjusted Shaikh construction; model-input panel construction; econometrics; direct Chapter 2 use without import pass,future S21_IMPORT_PROVIDER_V1_DATASET only,Component of downstream GOV_TRANS aggregate; do not add to preferred private K_cap.
NFC__current_transfer_payments,NFC_current_transfer_payments,Shaikh_income_correction,NFC,income_accounts,requires_manual_mapping,THEORETICALLY_MIXED_REVIEW_REQUIRED,metadata_or_mapping_review_required,documentation and mapping review only,adjusted Shaikh construction; model-input panel construction; econometrics; direct Chapter 2 use without import pass,future S21_IMPORT_PROVIDER_V1_DATASET only,"Net lines may be staged from T1.14, but gross payment/receipt components must not be inferred."
NFC__current_transfer_receipts,NFC_current_transfer_receipts,Shaikh_income_correction,NFC,income_accounts,requires_manual_mapping,THEORETICALLY_MIXED_REVIEW_REQUIRED,metadata_or_mapping_review_required,documentation and mapping review only,adjusted Shaikh construction; model-input panel construction; econometrics; direct Chapter 2 use without import pass,future S21_IMPORT_PROVIDER_V1_DATASET only,"Net lines may be staged from T1.14, but gross payment/receipt components must not be inferred."
NFC__dividends_paid,NFC_dividends_paid,Shaikh_income_correction,NFC,income_accounts,requires_manual_mapping,THEORETICALLY_MIXED_REVIEW_REQUIRED,metadata_or_mapping_review_required,documentation and mapping review only,adjusted Shaikh construction; model-input panel construction; econometrics; direct Chapter 2 use without import pass,future S21_IMPORT_PROVIDER_V1_DATASET only,"Net lines may be staged from T1.14, but gross payment/receipt components must not be inferred."
NFC__dividends_received,NFC_dividends_received,Shaikh_income_correction,NFC,income_accounts,requires_manual_mapping,THEORETICALLY_MIXED_REVIEW_REQUIRED,metadata_or_mapping_review_required,documentation and mapping review only,adjusted Shaikh construction; model-input panel construction; econometrics; direct Chapter 2 use without import pass,future S21_IMPORT_PROVIDER_V1_DATASET only,"Net lines may be staged from T1.14, but gross payment/receipt components must not be inferred."
NFC__IPP__cfc_current_cost,NFC_intellectual_property_products_cfc_current_cost,frontier_conditioning_variables,NFC,fixed_assets,staged,READY_AS_BASELINE,source_level_available,source inspection; downstream source-of-truth construction after separate import validation,adjusted Shaikh construction; model-input panel construction; econometrics; direct Chapter 2 use without import pass,future S21_IMPORT_PROVIDER_V1_DATASET only,Direct BEA line. ME and NRC enter preferred K_cap downstream; IPP does not.
NFC__IPP__gross_investment_current_cost,NFC_intellectual_property_products_gross_investment_current_cost,frontier_conditioning_variables,NFC,fixed_assets,staged,READY_AS_BASELINE,source_level_available,source inspection; downstream source-of-truth construction after separate import validation,adjusted Shaikh construction; model-input panel construction; econometrics; direct Chapter 2 use without import pass,future S21_IMPORT_PROVIDER_V1_DATASET only,Direct BEA line. ME and NRC enter preferred K_cap downstream; IPP does not.
NFC__IPP__gross_stock_current_cost,NFC_intellectual_property_products_gross_stock_current_cost,downstream_GPIM_benchmark,NFC,fixed_assets,not_available,THEORETICALLY_MIXED_REVIEW_REQUIRED,metadata_or_mapping_review_required,documentation and mapping review only,adjusted Shaikh construction; model-input panel construction; econometrics; direct Chapter 2 use without import pass,future S21_IMPORT_PROVIDER_V1_DATASET only,Preserve as a required gap. Do not substitute net stock or construct GPIM here.
NFC__IPP__net_stock_current_cost,NFC_intellectual_property_products_net_stock_current_cost,frontier_conditioning_variables,NFC,fixed_assets,staged,READY_AS_BASELINE,source_level_available,source inspection; downstream source-of-truth construction after separate import validation,adjusted Shaikh construction; model-input panel construction; econometrics; direct Chapter 2 use without import pass,future S21_IMPORT_PROVIDER_V1_DATASET only,Direct BEA line. ME and NRC enter preferred K_cap downstream; IPP does not.
NFC__IPP__net_stock_quantity_index,NFC_intellectual_property_products_net_stock_quantity_index,frontier_conditioning_variables,NFC,fixed_assets,staged,READY_AS_BASELINE,source_level_available,source inspection; downstream source-of-truth construction after separate import validation,adjusted Shaikh construction; model-input panel construction; econometrics; direct Chapter 2 use without import pass,future S21_IMPORT_PROVIDER_V1_DATASET only,Direct BEA line. ME and NRC enter preferred K_cap downstream; IPP does not.
NFC__IPP__retirements,NFC_intellectual_property_products_retirements,downstream_GPIM_diagnostics,NFC,fixed_assets,not_available,THEORETICALLY_MIXED_REVIEW_REQUIRED,metadata_or_mapping_review_required,documentation and mapping review only,adjusted Shaikh construction; model-input panel construction; econometrics; direct Chapter 2 use without import pass,future S21_IMPORT_PROVIDER_V1_DATASET only,Retain as an explicit provider gap; no residual construction is permitted here.
NFC__IPP__revaluation_holding_gains,NFC_intellectual_property_products_revaluation_holding_gains,downstream_GPIM_diagnostics,NFC,fixed_assets,not_available,THEORETICALLY_MIXED_REVIEW_REQUIRED,metadata_or_mapping_review_required,documentation and mapping review only,adjusted Shaikh construction; model-input panel construction; econometrics; direct Chapter 2 use without import pass,future S21_IMPORT_PROVIDER_V1_DATASET only,Retain as an explicit provider gap; no residual construction is permitted here.
NFC__ME__cfc_current_cost,NFC_machinery_equipment_cfc_current_cost,downstream_GPIM_and_K_cap,NFC,fixed_assets,staged,READY_AS_BASELINE,source_level_available,source inspection; downstream source-of-truth construction after separate import validation,adjusted Shaikh construction; model-input panel construction; econometrics; direct Chapter 2 use without import pass,future S21_IMPORT_PROVIDER_V1_DATASET only,Direct BEA line. ME and NRC enter preferred K_cap downstream; IPP does not.
NFC__ME__gross_investment_current_cost,NFC_machinery_equipment_gross_investment_current_cost,downstream_GPIM_and_K_cap,NFC,fixed_assets,staged,READY_AS_BASELINE,source_level_available,source inspection; downstream source-of-truth construction after separate import validation,adjusted Shaikh construction; model-input panel construction; econometrics; direct Chapter 2 use without import pass,future S21_IMPORT_PROVIDER_V1_DATASET only,Direct BEA line. ME and NRC enter preferred K_cap downstream; IPP does not.
NFC__ME__gross_stock_current_cost,NFC_machinery_equipment_gross_stock_current_cost,downstream_GPIM_benchmark,NFC,fixed_assets,not_available,THEORETICALLY_MIXED_REVIEW_REQUIRED,metadata_or_mapping_review_required,documentation and mapping review only,adjusted Shaikh construction; model-input panel construction; econometrics; direct Chapter 2 use without import pass,future S21_IMPORT_PROVIDER_V1_DATASET only,Preserve as a required gap. Do not substitute net stock or construct GPIM here.
NFC__ME__net_stock_current_cost,NFC_machinery_equipment_net_stock_current_cost,downstream_GPIM_and_K_cap,NFC,fixed_assets,staged,READY_AS_BASELINE,source_level_available,source inspection; downstream source-of-truth construction after separate import validation,adjusted Shaikh construction; model-input panel construction; econometrics; direct Chapter 2 use without import pass,future S21_IMPORT_PROVIDER_V1_DATASET only,Direct BEA line. ME and NRC enter preferred K_cap downstream; IPP does not.
NFC__ME__net_stock_quantity_index,NFC_machinery_equipment_net_stock_quantity_index,downstream_GPIM_and_K_cap,NFC,fixed_assets,staged,READY_AS_BASELINE,source_level_available,source inspection; downstream source-of-truth construction after separate import validation,adjusted Shaikh construction; model-input panel construction; econometrics; direct Chapter 2 use without import pass,future S21_IMPORT_PROVIDER_V1_DATASET only,Direct BEA line. ME and NRC enter preferred K_cap downstream; IPP does not.
NFC__ME__retirements,NFC_machinery_equipment_retirements,downstream_GPIM_diagnostics,NFC,fixed_assets,not_available,THEORETICALLY_MIXED_REVIEW_REQUIRED,metadata_or_mapping_review_required,documentation and mapping review only,adjusted Shaikh construction; model-input panel construction; econometrics; direct Chapter 2 use without import pass,future S21_IMPORT_PROVIDER_V1_DATASET only,Retain as an explicit provider gap; no residual construction is permitted here.
NFC__ME__revaluation_holding_gains,NFC_machinery_equipment_revaluation_holding_gains,downstream_GPIM_diagnostics,NFC,fixed_assets,not_available,THEORETICALLY_MIXED_REVIEW_REQUIRED,metadata_or_mapping_review_required,documentation and mapping review only,adjusted Shaikh construction; model-input panel construction; econometrics; direct Chapter 2 use without import pass,future S21_IMPORT_PROVIDER_V1_DATASET only,Retain as an explicit provider gap; no residual construction is permitted here.
NFC__NRC__cfc_current_cost,NFC_nonresidential_structures_cfc_current_cost,downstream_GPIM_and_K_cap,NFC,fixed_assets,staged,READY_AS_BASELINE,source_level_available,source inspection; downstream source-of-truth construction after separate import validation,adjusted Shaikh construction; model-input panel construction; econometrics; direct Chapter 2 use without import pass,future S21_IMPORT_PROVIDER_V1_DATASET only,Direct BEA line. ME and NRC enter preferred K_cap downstream; IPP does not.
NFC__NRC__gross_investment_current_cost,NFC_nonresidential_structures_gross_investment_current_cost,downstream_GPIM_and_K_cap,NFC,fixed_assets,staged,READY_AS_BASELINE,source_level_available,source inspection; downstream source-of-truth construction after separate import validation,adjusted Shaikh construction; model-input panel construction; econometrics; direct Chapter 2 use without import pass,future S21_IMPORT_PROVIDER_V1_DATASET only,Direct BEA line. ME and NRC enter preferred K_cap downstream; IPP does not.
NFC__NRC__gross_stock_current_cost,NFC_nonresidential_structures_gross_stock_current_cost,downstream_GPIM_benchmark,NFC,fixed_assets,not_available,THEORETICALLY_MIXED_REVIEW_REQUIRED,metadata_or_mapping_review_required,documentation and mapping review only,adjusted Shaikh construction; model-input panel construction; econometrics; direct Chapter 2 use without import pass,future S21_IMPORT_PROVIDER_V1_DATASET only,Preserve as a required gap. Do not substitute net stock or construct GPIM here.
NFC__NRC__net_stock_current_cost,NFC_nonresidential_structures_net_stock_current_cost,downstream_GPIM_and_K_cap,NFC,fixed_assets,staged,READY_AS_BASELINE,source_level_available,source inspection; downstream source-of-truth construction after separate import validation,adjusted Shaikh construction; model-input panel construction; econometrics; direct Chapter 2 use without import pass,future S21_IMPORT_PROVIDER_V1_DATASET only,Direct BEA line. ME and NRC enter preferred K_cap downstream; IPP does not.
NFC__NRC__net_stock_quantity_index,NFC_nonresidential_structures_net_stock_quantity_index,downstream_GPIM_and_K_cap,NFC,fixed_assets,staged,READY_AS_BASELINE,source_level_available,source inspection; downstream source-of-truth construction after separate import validation,adjusted Shaikh construction; model-input panel construction; econometrics; direct Chapter 2 use without import pass,future S21_IMPORT_PROVIDER_V1_DATASET only,Direct BEA line. ME and NRC enter preferred K_cap downstream; IPP does not.
NFC__NRC__retirements,NFC_nonresidential_structures_retirements,downstream_GPIM_diagnostics,NFC,fixed_assets,not_available,THEORETICALLY_MIXED_REVIEW_REQUIRED,metadata_or_mapping_review_required,documentation and mapping review only,adjusted Shaikh construction; model-input panel construction; econometrics; direct Chapter 2 use without import pass,future S21_IMPORT_PROVIDER_V1_DATASET only,Retain as an explicit provider gap; no residual construction is permitted here.
NFC__NRC__revaluation_holding_gains,NFC_nonresidential_structures_revaluation_holding_gains,downstream_GPIM_diagnostics,NFC,fixed_assets,not_available,THEORETICALLY_MIXED_REVIEW_REQUIRED,metadata_or_mapping_review_required,documentation and mapping review only,adjusted Shaikh construction; model-input panel construction; econometrics; direct Chapter 2 use without import pass,future S21_IMPORT_PROVIDER_V1_DATASET only,Retain as an explicit provider gap; no residual construction is permitted here.
NFC__TOTAL__cfc_current_cost,NFC_total_cfc_current_cost,sector_total_diagnostic,NFC,fixed_assets,staged,READY_AS_BASELINE,source_level_available,source inspection; downstream source-of-truth construction after separate import validation,adjusted Shaikh construction; model-input panel construction; econometrics; direct Chapter 2 use without import pass,future S21_IMPORT_PROVIDER_V1_DATASET only,Direct BEA line. ME and NRC enter preferred K_cap downstream; IPP does not.
NFC__TOTAL__gross_investment_current_cost,NFC_total_gross_investment_current_cost,sector_total_diagnostic,NFC,fixed_assets,staged,READY_AS_BASELINE,source_level_available,source inspection; downstream source-of-truth construction after separate import validation,adjusted Shaikh construction; model-input panel construction; econometrics; direct Chapter 2 use without import pass,future S21_IMPORT_PROVIDER_V1_DATASET only,Direct BEA line. ME and NRC enter preferred K_cap downstream; IPP does not.
NFC__TOTAL__gross_stock_current_cost,NFC_total_gross_stock_current_cost,downstream_GPIM_benchmark,NFC,fixed_assets,not_available,THEORETICALLY_MIXED_REVIEW_REQUIRED,metadata_or_mapping_review_required,documentation and mapping review only,adjusted Shaikh construction; model-input panel construction; econometrics; direct Chapter 2 use without import pass,future S21_IMPORT_PROVIDER_V1_DATASET only,Preserve as a required gap. Do not substitute net stock or construct GPIM here.
NFC__TOTAL__net_stock_current_cost,NFC_total_net_stock_current_cost,sector_total_diagnostic,NFC,fixed_assets,staged,READY_AS_BASELINE,source_level_available,source inspection; downstream source-of-truth construction after separate import validation,adjusted Shaikh construction; model-input panel construction; econometrics; direct Chapter 2 use without import pass,future S21_IMPORT_PROVIDER_V1_DATASET only,Direct BEA line. ME and NRC enter preferred K_cap downstream; IPP does not.
NFC__TOTAL__net_stock_quantity_index,NFC_total_net_stock_quantity_index,sector_total_diagnostic,NFC,fixed_assets,staged,READY_AS_BASELINE,source_level_available,source inspection; downstream source-of-truth construction after separate import validation,adjusted Shaikh construction; model-input panel construction; econometrics; direct Chapter 2 use without import pass,future S21_IMPORT_PROVIDER_V1_DATASET only,Direct BEA line. ME and NRC enter preferred K_cap downstream; IPP does not.
NFC_CFC,NFC_consumption_fixed_capital,Shaikh_income_correction_and_distributive_variables,NFC,income_accounts,staged,READY_AS_BASELINE,source_level_available,source inspection; downstream source-of-truth construction after separate import validation,adjusted Shaikh construction; model-input panel construction; econometrics; direct Chapter 2 use without import pass,future S21_IMPORT_PROVIDER_V1_DATASET only,Direct NIPA Table 1.14 line; no adjusted share is constructed here.
NFC_COMP,NFC_compensation_employees,Shaikh_income_correction_and_distributive_variables,NFC,income_accounts,staged,READY_AS_BASELINE,source_level_available,source inspection; downstream source-of-truth construction after separate import validation,adjusted Shaikh construction; model-input panel construction; econometrics; direct Chapter 2 use without import pass,future S21_IMPORT_PROVIDER_V1_DATASET only,Direct NIPA Table 1.14 line; no adjusted share is constructed here.
NFC_DIVIDENDS_NET,NFC_net_dividends,Shaikh_income_correction_and_distributive_variables,NFC,income_accounts,staged,READY_AS_BASELINE,source_level_available,source inspection; downstream source-of-truth construction after separate import validation,adjusted Shaikh construction; model-input panel construction; econometrics; direct Chapter 2 use without import pass,future S21_IMPORT_PROVIDER_V1_DATASET only,Direct NIPA Table 1.14 line; no adjusted share is constructed here.
NFC_GVA,NFC_gross_value_added,Shaikh_income_correction_and_distributive_variables,NFC,income_accounts,staged,READY_AS_BASELINE,source_level_available,source inspection; downstream source-of-truth construction after separate import validation,adjusted Shaikh construction; model-input panel construction; econometrics; direct Chapter 2 use without import pass,future S21_IMPORT_PROVIDER_V1_DATASET only,Direct NIPA Table 1.14 line; no adjusted share is constructed here.
NFC_NET_INT,NFC_net_interest_misc_payments,Shaikh_income_correction_and_distributive_variables,NFC,income_accounts,staged,READY_AS_BASELINE,source_level_available,source inspection; downstream source-of-truth construction after separate import validation,adjusted Shaikh construction; model-input panel construction; econometrics; direct Chapter 2 use without import pass,future S21_IMPORT_PROVIDER_V1_DATASET only,Direct NIPA Table 1.14 line; no adjusted share is constructed here.
NFC_NOS,NFC_net_operating_surplus,Shaikh_income_correction_and_distributive_variables,NFC,income_accounts,staged,READY_AS_BASELINE,source_level_available,source inspection; downstream source-of-truth construction after separate import validation,adjusted Shaikh construction; model-input panel construction; econometrics; direct Chapter 2 use without import pass,future S21_IMPORT_PROVIDER_V1_DATASET only,Direct NIPA Table 1.14 line; no adjusted share is constructed here.
NFC_NVA,NFC_net_value_added,Shaikh_income_correction_and_distributive_variables,NFC,income_accounts,staged,READY_AS_BASELINE,source_level_available,source inspection; downstream source-of-truth construction after separate import validation,adjusted Shaikh construction; model-input panel construction; econometrics; direct Chapter 2 use without import pass,future S21_IMPORT_PROVIDER_V1_DATASET only,Direct NIPA Table 1.14 line; no adjusted share is constructed here.
NFC_PBT,NFC_profits_before_tax,Shaikh_income_correction_and_distributive_variables,NFC,income_accounts,staged,READY_AS_BASELINE,source_level_available,source inspection; downstream source-of-truth construction after separate import validation,adjusted Shaikh construction; model-input panel construction; econometrics; direct Chapter 2 use without import pass,future S21_IMPORT_PROVIDER_V1_DATASET only,Direct NIPA Table 1.14 line; no adjusted share is constructed here.
NFC_PROFITS_IVA_CC,NFC_profits_with_IVA_CCAdj,Shaikh_income_correction_and_distributive_variables,NFC,income_accounts,staged,READY_AS_BASELINE,source_level_available,source inspection; downstream source-of-truth construction after separate import validation,adjusted Shaikh construction; model-input panel construction; econometrics; direct Chapter 2 use without import pass,future S21_IMPORT_PROVIDER_V1_DATASET only,Direct NIPA Table 1.14 line; no adjusted share is constructed here.
NFC_TRANSFERS_NET,NFC_business_current_transfers_net,Shaikh_income_correction_and_distributive_variables,NFC,income_accounts,staged,READY_AS_BASELINE,source_level_available,source inspection; downstream source-of-truth construction after separate import validation,adjusted Shaikh construction; model-input panel construction; econometrics; direct Chapter 2 use without import pass,future S21_IMPORT_PROVIDER_V1_DATASET only,Direct NIPA Table 1.14 line; no adjusted share is constructed here.
WAGE_SHARE_UNADJUSTED_NFC_GVA_BASELINE,Wage Share Unadjusted Nfc Gva Baseline,S20E_stock_flow_labour_value_accounting,nonfinancial corporate,conceptual_candidate_status,S20E_CL_metadata_only,READY_AS_BASELINE,metadata_only_no_construction,existing documented baseline lane,none from S20E-CL,future human-review documentation only; no V1 construction,Preserve existing baseline; not replaced by Shaikh corporate candidate.
CORP_IMPUTED_INTEREST_ADJ,Corp Imputed Interest Adj,S20E_stock_flow_labour_value_accounting,corporate,conceptual_candidate_status,S20E_CL_metadata_only,DOCUMENTATION_AND_RECONCILIATION_CANDIDATE,metadata_only_no_construction,documentation; reconciliation; candidate menu,construction; handoff; regression; baseline,future human-review documentation only; no V1 construction,Expected current status for Shaikh corporate adjustment.
CORP_GVA_SHAIKH_RECONCILIATION,Corp Gva Shaikh Reconciliation,S20E_stock_flow_labour_value_accounting,corporate,conceptual_candidate_status,S20E_CL_metadata_only,DOCUMENTATION_AND_RECONCILIATION_CANDIDATE,metadata_only_no_construction,documentation; reconciliation; candidate menu,construction; handoff; regression; baseline,future human-review documentation only; no V1 construction,Must flow through GOS/NOS under stock-flow law.
CORP_GOS_SHAIKH_RECONCILIATION,Corp Gos Shaikh Reconciliation,S20E_stock_flow_labour_value_accounting,corporate,conceptual_candidate_status,S20E_CL_metadata_only,DOCUMENTATION_AND_RECONCILIATION_CANDIDATE,metadata_only_no_construction,documentation; reconciliation; candidate menu,construction; handoff; regression; baseline,future human-review documentation only; no V1 construction,Potential future robustness candidate after human review.
CORP_NOS_EBIT_SHAIKH_RECONCILIATION,Corp Nos Ebit Shaikh Reconciliation,S20E_stock_flow_labour_value_accounting,corporate,conceptual_candidate_status,S20E_CL_metadata_only,DOCUMENTATION_AND_RECONCILIATION_CANDIDATE,metadata_only_no_construction,documentation; reconciliation; candidate menu,construction; adjusted corporate profit; pure surplus value,future human-review documentation only; no V1 construction,"EBIT-like NOS, not corporate profit."
CORP_SHAIKH_OPERATING_LADDER_RECONCILIATION_BUNDLE,Corp Shaikh Operating Ladder Reconciliation Bundle,S20E_stock_flow_labour_value_accounting,corporate,conceptual_candidate_status,S20E_CL_metadata_only,DOCUMENTATION_AND_RECONCILIATION_CANDIDATE,metadata_only_no_construction,documentation; reconciliation; candidate robustness design; future human review,constructed model input; baseline variable; regression regressor; pure surplus value; adjusted corporate profit; replacement for WAGE_SHARE_UNADJUSTED_NFC_GVA_BASELINE,future human-review documentation only; no V1 construction,Bundle-level operating ladder check; conceptually coherent but not constructed or authorized.
BUSINESS_WIDE_SHAIKH_RECONCILIATION,Business Wide Shaikh Reconciliation,S20E_stock_flow_labour_value_accounting,business-wide,conceptual_candidate_status,S20E_CL_metadata_only,THEORETICALLY_MIXED_REVIEW_REQUIRED,metadata_only_no_construction,documentation,construction; handoff; baseline,future human-review documentation only; no V1 construction,Commercial-capital and noncorporate labour-equivalent blur remains unresolved.
PRODUCTIVE_SURPLUS_VALUE_CORP_WHOLE,Productive Surplus Value Corp Whole,S20E_stock_flow_labour_value_accounting,corporate including finance,conceptual_candidate_status,S20E_CL_metadata_only,BLOCKED_DOUBLE_COUNTING_RISK,metadata_only_no_construction,negative control documentation,all construction and interpretation as productive value,future human-review documentation only; no V1 construction,"Financial corporate components are claims/appropriation channels, not productive capital."
ADD_PROFITS_TO_NOS,Add Profits To Nos,S20E_stock_flow_labour_value_accounting,corporate,conceptual_candidate_status,S20E_CL_metadata_only,BLOCKED_STOCK_FLOW_INCONSISTENT,metadata_only_no_construction,negative control documentation,all construction,future human-review documentation only; no V1 construction,Violates account ladder.
